debugBuffer1[0], 0x0000004F,
debugBuffer1[1], 0x0000003E,
debugBuffer1[2], 0x0000003C,
debugBuffer1[3], 0x0000003E,
debugBuffer1[4], 0x0000003F,
debugBuffer1[5], 0x0000003D,
debugBuffer1[6], 0x0000003D,
debugBuffer1[7], 0x0000003E,
debugBuffer1[8], 0x0000003E,
debugBuffer1[9], 0x0000003D,
debugBuffer1[10], 0x0000003D,
debugBuffer1[11], 0x0000003F,
debugBuffer1[12], 0x0000003E,
debugBuffer1[13], 0x0000003D,
debugBuffer1[14], 0x0000003E,
debugBuffer1[15], 0x0000003F,
debugBuffer1[16], 0x0000003F,
debugBuffer1[17], 0x0000003E,
debugBuffer1[18], 0x0000003F,
debugBuffer1[19], 0x00000040,
debugBuffer1[20], 0x0000003F,
debugBuffer1[21], 0x0000003F,
debugBuffer1[22], 0x00000040,
debugBuffer1[23], 0x00000040,
debugBuffer1[24], 0x00000040,
debugBuffer1[25], 0x00000040,
debugBuffer1[26], 0x00000041,
debugBuffer1[27], 0x00000041,
debugBuffer1[28], 0x00000041,
debugBuffer1[29], 0x00000042,
debugBuffer1[30], 0x00000042,
debugBuffer1[31], 0x00000043,
debugBuffer1[32], 0x00000043,
debugBuffer1[33], 0x00000043,
debugBuffer1[34], 0x00000044,
debugBuffer1[35], 0x00000044,
debugBuffer1[36], 0x00000045,
debugBuffer1[37], 0x00000045,
debugBuffer1[38], 0x00000046,
debugBuffer1[39], 0x00000046,
debugBuffer1[40], 0x00000047,
debugBuffer1[41], 0x00000048,
debugBuffer1[42], 0x00000049,
debugBuffer1[43], 0x0000004A,
debugBuffer1[44], 0x0000004B,
debugBuffer1[45], 0x0000004C,
debugBuffer1[46], 0x0000004E,
debugBuffer1[47], 0x0000004F,
debugBuffer1[48], 0x00000052,
debugBuffer1[49], 0x00000055,
debugBuffer1[50], 0x0000005A,
debugBuffer1[51], 0x00000069,
debugBuffer1[52], 0x0000005E,
debugBuffer1[53], 0x00000057,
debugBuffer1[54], 0x00000053,
debugBuffer1[55], 0x00000050,
debugBuffer1[56], 0x0000004E,
debugBuffer1[57], 0x0000004D,
debugBuffer1[58], 0x0000004B,
debugBuffer1[59], 0x0000004A,
debugBuffer1[60], 0x00000049,
debugBuffer1[61], 0x00000048,
debugBuffer1[62], 0x00000047,
debugBuffer1[63], 0x00000046,
debugBuffer1[64], 0x00000046,
debugBuffer1[65], 0x00000045,
debugBuffer1[66], 0x00000044,
debugBuffer1[67], 0x00000044,
debugBuffer1[68], 0x00000043,
debugBuffer1[69], 0x00000043,
debugBuffer1[70], 0x00000042,
debugBuffer1[71], 0x00000042,
debugBuffer1[72], 0x00000041,
debugBuffer1[73], 0x00000041,
debugBuffer1[74], 0x00000040,
debugBuffer1[75], 0x00000040,
debugBuffer1[76], 0x00000040,
debugBuffer1[77], 0x0000003F,
debugBuffer1[78], 0x0000003F,
debugBuffer1[79], 0x0000003F,
debugBuffer1[80], 0x0000003F,
debugBuffer1[81], 0x0000003E,
debugBuffer1[82], 0x0000003E,
debugBuffer1[83], 0x0000003E,
debugBuffer1[84], 0x0000003D,
debugBuffer1[85], 0x0000003D,
debugBuffer1[86], 0x0000003D,
debugBuffer1[87], 0x0000003D,
debugBuffer1[88], 0x0000003C,
debugBuffer1[89], 0x0000003C,
debugBuffer1[90], 0x0000003C,
debugBuffer1[91], 0x0000003C,
debugBuffer1[92], 0x0000003B,
debugBuffer1[93], 0x0000003B,
debugBuffer1[94], 0x0000003B,
debugBuffer1[95], 0x0000003B,
debugBuffer1[96], 0x0000003B,
debugBuffer1[97], 0x0000003A,
debugBuffer1[98], 0x0000003A,
debugBuffer1[99], 0x0000003A,
debugBuffer1[100], 0x0000003A,
debugBuffer1[101], 0x0000003A,
debugBuffer1[102], 0x00000039,
debugBuffer1[103], 0x0000003A,
debugBuffer1[104], 0x00000039,
debugBuffer1[105], 0x0000003A,
debugBuffer1[106], 0x00000039,
debugBuffer1[107], 0x00000039,
debugBuffer1[108], 0x00000039,
debugBuffer1[109], 0x00000039,
debugBuffer1[110], 0x00000038,
debugBuffer1[111], 0x00000038,
debugBuffer1[112], 0x00000038,
debugBuffer1[113], 0x00000038,
debugBuffer1[114], 0x00000038,
debugBuffer1[115], 0x00000038,
debugBuffer1[116], 0x00000038,
debugBuffer1[117], 0x00000038,
debugBuffer1[118], 0x00000037,
debugBuffer1[119], 0x00000037,
debugBuffer1[120], 0x00000038,
debugBuffer1[121], 0x00000037,
debugBuffer1[122], 0x00000037,
debugBuffer1[123], 0x00000037,
debugBuffer1[124], 0x00000037,
debugBuffer1[125], 0x00000037,
debugBuffer1[126], 0x00000037,
debugBuffer1[127], 0x00000037,
debugBuffer1[128], 0x00000037,
debugBuffer1[129], 0x00000036,
debugBuffer1[130], 0x00000036,
debugBuffer1[131], 0x00000036,
debugBuffer1[132], 0x00000036,
debugBuffer1[133], 0x00000036,
debugBuffer1[134], 0x00000036,
debugBuffer1[135], 0x00000036,
debugBuffer1[136], 0x00000036,
debugBuffer1[137], 0x00000036,
debugBuffer1[138], 0x00000036,
debugBuffer1[139], 0x00000036,
debugBuffer1[140], 0x00000036,
debugBuffer1[141], 0x00000035,
debugBuffer1[142], 0x00000035,
debugBuffer1[143], 0x00000035,
debugBuffer1[144], 0x00000036,
debugBuffer1[145], 0x00000035,
debugBuffer1[146], 0x00000035,
debugBuffer1[147], 0x00000035,
debugBuffer1[148], 0x00000035,
debugBuffer1[149], 0x00000036,
debugBuffer1[150], 0x00000036,
debugBuffer1[151], 0x00000037,
debugBuffer1[152], 0x00000038,
debugBuffer1[153], 0x0000003C,
debugBuffer1[154], 0x0000003E,
debugBuffer1[155], 0x00000033,
debugBuffer1[156], 0x00000032,
debugBuffer1[157], 0x00000032,
debugBuffer1[158], 0x00000032,
debugBuffer1[159], 0x00000033,
debugBuffer1[160], 0x00000033,
debugBuffer1[161], 0x00000033,
debugBuffer1[162], 0x00000032,
debugBuffer1[163], 0x00000032,
debugBuffer1[164], 0x00000033,
debugBuffer1[165], 0x00000033,
debugBuffer1[166], 0x00000032,
debugBuffer1[167], 0x00000033,
debugBuffer1[168], 0x00000033,
debugBuffer1[169], 0x00000032,
debugBuffer1[170], 0x00000032,
debugBuffer1[171], 0x00000033,
debugBuffer1[172], 0x00000033,
debugBuffer1[173], 0x00000032,
debugBuffer1[174], 0x00000032,
debugBuffer1[175], 0x00000032,
debugBuffer1[176], 0x00000033,
debugBuffer1[177], 0x00000032,
debugBuffer1[178], 0x00000032,
debugBuffer1[179], 0x00000032,
debugBuffer1[180], 0x00000032,
debugBuffer1[181], 0x00000032,
debugBuffer1[182], 0x00000032,
debugBuffer1[183], 0x00000032,
debugBuffer1[184], 0x00000032,
debugBuffer1[185], 0x00000032,
debugBuffer1[186], 0x00000032,
debugBuffer1[187], 0x00000032,
debugBuffer1[188], 0x00000032,
debugBuffer1[189], 0x00000032,
debugBuffer1[190], 0x00000032,
debugBuffer1[191], 0x00000032,
debugBuffer1[192], 0x00000032,
debugBuffer1[193], 0x00000031,
debugBuffer1[194], 0x00000032,
debugBuffer1[195], 0x00000032,
debugBuffer1[196], 0x00000032,
debugBuffer1[197], 0x00000031,
debugBuffer1[198], 0x00000032,
debugBuffer1[199], 0x00000031,
debugBuffer1[200], 0x00000031,
debugBuffer1[201], 0x00000031,
debugBuffer1[202], 0x00000031,
debugBuffer1[203], 0x00000031,
debugBuffer1[204], 0x00000031,
debugBuffer1[205], 0x0000002F,
debugBuffer1[206], 0x00000031,
debugBuffer1[207], 0x00000030,
debugBuffer1[208], 0x00000031,
debugBuffer1[209], 0x00000031,
debugBuffer1[210], 0x00000031,
debugBuffer1[211], 0x00000031,
debugBuffer1[212], 0x00000030,
debugBuffer1[213], 0x00000031,
debugBuffer1[214], 0x00000030,
debugBuffer1[215], 0x00000030,
debugBuffer1[216], 0x00000030,
debugBuffer1[217], 0x00000030,
debugBuffer1[218], 0x00000030,
debugBuffer1[219], 0x00000030,
debugBuffer1[220], 0x00000030,
debugBuffer1[221], 0x00000031,
debugBuffer1[222], 0x00000030,
debugBuffer1[223], 0x00000030,
debugBuffer1[224], 0x00000031,
debugBuffer1[225], 0x00000030,
debugBuffer1[226], 0x0000002F,
debugBuffer1[227], 0x00000030,
debugBuffer1[228], 0x00000030,
debugBuffer1[229], 0x00000030,
debugBuffer1[230], 0x00000030,
debugBuffer1[231], 0x00000030,
debugBuffer1[232], 0x00000030,
debugBuffer1[233], 0x00000030,
debugBuffer1[234], 0x00000030,
debugBuffer1[235], 0x00000030,
debugBuffer1[236], 0x00000030,
debugBuffer1[237], 0x0000002F,
debugBuffer1[238], 0x00000030,
debugBuffer1[239], 0x00000030,
debugBuffer1[240], 0x00000030,
debugBuffer1[241], 0x0000002F,
debugBuffer1[242], 0x00000030,
debugBuffer1[243], 0x00000030,
debugBuffer1[244], 0x0000002F,
debugBuffer1[245], 0x00000030,
debugBuffer1[246], 0x00000030,
debugBuffer1[247], 0x0000002F,
debugBuffer1[248], 0x00000030,
debugBuffer1[249], 0x00000030,
debugBuffer1[250], 0x00000030,
debugBuffer1[251], 0x00000030,
debugBuffer1[252], 0x00000030,
debugBuffer1[253], 0x00000030,
debugBuffer1[254], 0x00000030,
debugBuffer1[255], 0x00000032,
debugBuffer1[256], 0x0000003F,
debugBuffer1[257], 0x0000002E,
debugBuffer1[258], 0x0000002E,
debugBuffer1[259], 0x0000002E,
debugBuffer1[260], 0x0000002D,
debugBuffer1[261], 0x0000002F,
debugBuffer1[262], 0x0000002E,
debugBuffer1[263], 0x0000002E,
debugBuffer1[264], 0x0000002E,
debugBuffer1[265], 0x0000002F,
debugBuffer1[266], 0x0000002E,
debugBuffer1[267], 0x0000002F,
debugBuffer1[268], 0x0000002E,
debugBuffer1[269], 0x0000002E,
debugBuffer1[270], 0x0000002E,
debugBuffer1[271], 0x0000002E,
debugBuffer1[272], 0x0000002E,
debugBuffer1[273], 0x0000002E,
debugBuffer1[274], 0x0000002F,
debugBuffer1[275], 0x0000002E,
debugBuffer1[276], 0x0000002E,
debugBuffer1[277], 0x0000002F,
debugBuffer1[278], 0x0000002E,
debugBuffer1[279], 0x0000002E,
debugBuffer1[280], 0x0000002E,
debugBuffer1[281], 0x0000002E,
debugBuffer1[282], 0x0000002F,
debugBuffer1[283], 0x0000002D,
debugBuffer1[284], 0x0000002E,
debugBuffer1[285], 0x0000002E,
debugBuffer1[286], 0x0000002E,
debugBuffer1[287], 0x0000002E,
debugBuffer1[288], 0x0000002E,
debugBuffer1[289], 0x0000002E,
debugBuffer1[290], 0x0000002E,
debugBuffer1[291], 0x0000002E,
debugBuffer1[292], 0x0000002F,
debugBuffer1[293], 0x0000002E,
debugBuffer1[294], 0x0000002E,
debugBuffer1[295], 0x0000002F,
debugBuffer1[296], 0x0000002E,
debugBuffer1[297], 0x0000002E,
debugBuffer1[298], 0x0000002F,
debugBuffer1[299], 0x0000002E,
debugBuffer1[300], 0x0000002D,
debugBuffer1[301], 0x0000002E,
debugBuffer1[302], 0x0000002D,
debugBuffer1[303], 0x0000002E,
debugBuffer1[304], 0x0000002D,
debugBuffer1[305], 0x0000002E,
debugBuffer1[306], 0x0000002E,
debugBuffer1[307], 0x0000002F,
debugBuffer1[308], 0x0000002E,
debugBuffer1[309], 0x0000002E,
debugBuffer1[310], 0x0000002E,
debugBuffer1[311], 0x0000002E,
debugBuffer1[312], 0x0000002D,
debugBuffer1[313], 0x0000002E,
debugBuffer1[314], 0x0000002D,
debugBuffer1[315], 0x0000002D,
debugBuffer1[316], 0x0000002D,
debugBuffer1[317], 0x0000002E,
debugBuffer1[318], 0x0000002D,
debugBuffer1[319], 0x0000002D,
debugBuffer1[320], 0x0000002E,
debugBuffer1[321], 0x0000002D,
debugBuffer1[322], 0x0000002E,
debugBuffer1[323], 0x0000002E,
debugBuffer1[324], 0x0000002D,
debugBuffer1[325], 0x0000002D,
debugBuffer1[326], 0x0000002E,
debugBuffer1[327], 0x0000002E,
debugBuffer1[328], 0x0000002E,
debugBuffer1[329], 0x0000002E,
debugBuffer1[330], 0x0000002E,
debugBuffer1[331], 0x0000002D,
debugBuffer1[332], 0x0000002E,
debugBuffer1[333], 0x0000002E,
debugBuffer1[334], 0x0000002E,
debugBuffer1[335], 0x0000002D,
debugBuffer1[336], 0x0000002E,
debugBuffer1[337], 0x0000002E,
debugBuffer1[338], 0x0000002D,
debugBuffer1[339], 0x0000002E,
debugBuffer1[340], 0x0000002E,
debugBuffer1[341], 0x0000002E,
debugBuffer1[342], 0x0000002D,
debugBuffer1[343], 0x0000002E,
debugBuffer1[344], 0x0000002E,
debugBuffer1[345], 0x0000002E,
debugBuffer1[346], 0x0000002D,
debugBuffer1[347], 0x0000002E,
debugBuffer1[348], 0x0000002F,
debugBuffer1[349], 0x0000002E,
debugBuffer1[350], 0x0000002F,
debugBuffer1[351], 0x0000002F,
debugBuffer1[352], 0x0000002F,
debugBuffer1[353], 0x00000030,
debugBuffer1[354], 0x00000030,
debugBuffer1[355], 0x00000031,
debugBuffer1[356], 0x00000033,
debugBuffer1[357], 0x00000034,
debugBuffer1[358], 0x0000003B,
debugBuffer1[359], 0x00000039,
debugBuffer1[360], 0x0000002A,
debugBuffer1[361], 0x00000020,
debugBuffer1[362], 0x00000026,
debugBuffer1[363], 0x00000028,
debugBuffer1[364], 0x00000028,
debugBuffer1[365], 0x0000002A,
debugBuffer1[366], 0x00000029,
debugBuffer1[367], 0x0000002B,
debugBuffer1[368], 0x0000002A,
debugBuffer1[369], 0x00000029,
debugBuffer1[370], 0x0000002C,
debugBuffer1[371], 0x00000029,
debugBuffer1[372], 0x0000002C,
debugBuffer1[373], 0x0000002B,
debugBuffer1[374], 0x0000002B,
debugBuffer1[375], 0x0000002B,
debugBuffer1[376], 0x0000002B,
debugBuffer1[377], 0x0000002B,
debugBuffer1[378], 0x0000002C,
debugBuffer1[379], 0x0000002B,
debugBuffer1[380], 0x0000002B,
debugBuffer1[381], 0x0000002B,
debugBuffer1[382], 0x0000002C,
debugBuffer1[383], 0x0000002B,
debugBuffer1[384], 0x0000002C,
debugBuffer1[385], 0x0000002A,
debugBuffer1[386], 0x0000002C,
debugBuffer1[387], 0x0000002C,
debugBuffer1[388], 0x0000002B,
debugBuffer1[389], 0x0000002A,
debugBuffer1[390], 0x0000002D,
debugBuffer1[391], 0x0000002B,
debugBuffer1[392], 0x0000002C,
debugBuffer1[393], 0x0000002C,
debugBuffer1[394], 0x0000002B,
debugBuffer1[395], 0x0000002B,
debugBuffer1[396], 0x0000002B,
debugBuffer1[397], 0x0000002B,
debugBuffer1[398], 0x0000002B,
debugBuffer1[399], 0x0000002B,
debugBuffer1[400], 0x0000002C,
debugBuffer1[401], 0x0000002C,
debugBuffer1[402], 0x0000002C,
debugBuffer1[403], 0x0000002B,
debugBuffer1[404], 0x0000002C,
debugBuffer1[405], 0x0000002C,
debugBuffer1[406], 0x0000002B,
debugBuffer1[407], 0x0000002C,
debugBuffer1[408], 0x0000002D,
debugBuffer1[409], 0x0000002B,
debugBuffer1[410], 0x0000002D,
debugBuffer1[411], 0x0000002B,
debugBuffer1[412], 0x0000002B,
debugBuffer1[413], 0x0000002B,
debugBuffer1[414], 0x0000002C,
debugBuffer1[415], 0x0000002B,
debugBuffer1[416], 0x0000002A,
debugBuffer1[417], 0x0000002C,
debugBuffer1[418], 0x0000002C,
debugBuffer1[419], 0x0000002C,
debugBuffer1[420], 0x0000002B,
debugBuffer1[421], 0x0000002C,
debugBuffer1[422], 0x0000002C,
debugBuffer1[423], 0x0000002C,
debugBuffer1[424], 0x0000002C,
debugBuffer1[425], 0x0000002B,
debugBuffer1[426], 0x0000002C,
debugBuffer1[427], 0x0000002B,
debugBuffer1[428], 0x0000002C,
debugBuffer1[429], 0x0000002D,
debugBuffer1[430], 0x0000002B,
debugBuffer1[431], 0x0000002A,
debugBuffer1[432], 0x0000002C,
debugBuffer1[433], 0x0000002B,
debugBuffer1[434], 0x0000002C,
debugBuffer1[435], 0x0000002A,
debugBuffer1[436], 0x0000002C,
debugBuffer1[437], 0x0000002B,
debugBuffer1[438], 0x0000002C,
debugBuffer1[439], 0x0000002B,
debugBuffer1[440], 0x0000002C,
debugBuffer1[441], 0x0000002C,
debugBuffer1[442], 0x0000002B,
debugBuffer1[443], 0x0000002B,
debugBuffer1[444], 0x0000002A,
debugBuffer1[445], 0x0000002C,
debugBuffer1[446], 0x0000002C,
debugBuffer1[447], 0x0000002C,
debugBuffer1[448], 0x0000002B,
debugBuffer1[449], 0x0000002B,
debugBuffer1[450], 0x0000002B,
debugBuffer1[451], 0x0000002B,
debugBuffer1[452], 0x0000002B,
debugBuffer1[453], 0x0000002B,
debugBuffer1[454], 0x0000002C,
debugBuffer1[455], 0x0000002B,
debugBuffer1[456], 0x0000002B,
debugBuffer1[457], 0x0000002A,
debugBuffer1[458], 0x0000002A,
debugBuffer1[459], 0x00000029,
debugBuffer1[460], 0x0000002A,
debugBuffer1[461], 0x0000003D,
debugBuffer1[462], 0x0000002D,
debugBuffer1[463], 0x0000002C,
debugBuffer1[464], 0x0000002C,
debugBuffer1[465], 0x0000002C,
debugBuffer1[466], 0x0000002C,
debugBuffer1[467], 0x0000002B,
debugBuffer1[468], 0x0000002C,
debugBuffer1[469], 0x0000002C,
debugBuffer1[470], 0x0000002B,
debugBuffer1[471], 0x0000002C,
debugBuffer1[472], 0x0000002C,
debugBuffer1[473], 0x0000002A,
debugBuffer1[474], 0x0000002B,
debugBuffer1[475], 0x0000002C,
debugBuffer1[476], 0x0000002C,
debugBuffer1[477], 0x0000002C,
debugBuffer1[478], 0x0000002B,
debugBuffer1[479], 0x0000002B,
debugBuffer1[480], 0x0000002C,
debugBuffer1[481], 0x0000002C,
debugBuffer1[482], 0x0000002C,
debugBuffer1[483], 0x0000002C,
debugBuffer1[484], 0x0000002D,
debugBuffer1[485], 0x0000002C,
debugBuffer1[486], 0x0000002A,
debugBuffer1[487], 0x0000002C,
debugBuffer1[488], 0x0000002C,
debugBuffer1[489], 0x0000002A,
debugBuffer1[490], 0x0000002B,
debugBuffer1[491], 0x0000002C,
debugBuffer1[492], 0x0000002C,
debugBuffer1[493], 0x0000002B,
debugBuffer1[494], 0x0000002A,
debugBuffer1[495], 0x0000002C,
debugBuffer1[496], 0x0000002C,
debugBuffer1[497], 0x0000002B,
debugBuffer1[498], 0x0000002B,
debugBuffer1[499], 0x0000002D,
debugBuffer1[500], 0x0000002B,
debugBuffer1[501], 0x0000002C,
debugBuffer1[502], 0x0000002B,
debugBuffer1[503], 0x0000002C,
debugBuffer1[504], 0x0000002B,
debugBuffer1[505], 0x0000002C,
debugBuffer1[506], 0x0000002C,
debugBuffer1[507], 0x0000002B,
debugBuffer1[508], 0x0000002C,
debugBuffer1[509], 0x0000002B,
debugBuffer1[510], 0x0000002D,
debugBuffer1[511], 0x0000002B,
debugBuffer1[512], 0x00000032,
debugBuffer1[513], 0x0000002B,
debugBuffer1[514], 0x0000002D,
debugBuffer1[515], 0x0000002B,
debugBuffer1[516], 0x0000002C,
debugBuffer1[517], 0x0000002B,
debugBuffer1[518], 0x0000002D,
debugBuffer1[519], 0x0000002C,
debugBuffer1[520], 0x0000002B,
debugBuffer1[521], 0x0000002C,
debugBuffer1[522], 0x0000002B,
debugBuffer1[523], 0x0000002C,
debugBuffer1[524], 0x0000002B,
debugBuffer1[525], 0x0000002D,
debugBuffer1[526], 0x0000002B,
debugBuffer1[527], 0x0000002B,
debugBuffer1[528], 0x0000002C,
debugBuffer1[529], 0x0000002C,
debugBuffer1[530], 0x0000002A,
debugBuffer1[531], 0x0000002B,
debugBuffer1[532], 0x0000002C,
debugBuffer1[533], 0x0000002C,
debugBuffer1[534], 0x0000002B,
debugBuffer1[535], 0x0000002A,
debugBuffer1[536], 0x0000002D,
debugBuffer1[537], 0x0000002C,
debugBuffer1[538], 0x0000002A,
debugBuffer1[539], 0x0000002C,
debugBuffer1[540], 0x0000002D,
debugBuffer1[541], 0x0000002C,
debugBuffer1[542], 0x0000002C,
debugBuffer1[543], 0x0000002C,
debugBuffer1[544], 0x0000002C,
debugBuffer1[545], 0x0000002B,
debugBuffer1[546], 0x0000002B,
debugBuffer1[547], 0x0000002C,
debugBuffer1[548], 0x0000002C,
debugBuffer1[549], 0x0000002C,
debugBuffer1[550], 0x0000002B,
debugBuffer1[551], 0x0000002A,
debugBuffer1[552], 0x0000002C,
debugBuffer1[553], 0x0000002C,
debugBuffer1[554], 0x0000002B,
debugBuffer1[555], 0x0000002C,
debugBuffer1[556], 0x0000002C,
debugBuffer1[557], 0x0000002B,
debugBuffer1[558], 0x0000002C,
debugBuffer1[559], 0x0000002C,
debugBuffer1[560], 0x0000002C,
debugBuffer1[561], 0x0000002C,
debugBuffer1[562], 0x0000002D,
debugBuffer1[563], 0x0000003D,
debugBuffer1[564], 0x0000002A,
debugBuffer1[565], 0x00000029,
debugBuffer1[566], 0x0000002B,
debugBuffer1[567], 0x0000002A,
debugBuffer1[568], 0x0000002B,
debugBuffer1[569], 0x0000002B,
debugBuffer1[570], 0x0000002C,
debugBuffer1[571], 0x0000002B,
debugBuffer1[572], 0x0000002B,
debugBuffer1[573], 0x0000002B,
debugBuffer1[574], 0x0000002B,
debugBuffer1[575], 0x0000002B,
debugBuffer1[576], 0x0000002B,
debugBuffer1[577], 0x0000002C,
debugBuffer1[578], 0x0000002C,
debugBuffer1[579], 0x0000002C,
debugBuffer1[580], 0x0000002A,
debugBuffer1[581], 0x0000002B,
debugBuffer1[582], 0x0000002B,
debugBuffer1[583], 0x0000002C,
debugBuffer1[584], 0x0000002C,
debugBuffer1[585], 0x0000002B,
debugBuffer1[586], 0x0000002C,
debugBuffer1[587], 0x0000002B,
debugBuffer1[588], 0x0000002C,
debugBuffer1[589], 0x0000002A,
debugBuffer1[590], 0x0000002C,
debugBuffer1[591], 0x0000002B,
debugBuffer1[592], 0x0000002C,
debugBuffer1[593], 0x0000002A,
debugBuffer1[594], 0x0000002B,
debugBuffer1[595], 0x0000002D,
debugBuffer1[596], 0x0000002C,
debugBuffer1[597], 0x0000002B,
debugBuffer1[598], 0x0000002C,
debugBuffer1[599], 0x0000002B,
debugBuffer1[600], 0x0000002C,
debugBuffer1[601], 0x0000002C,
debugBuffer1[602], 0x0000002C,
debugBuffer1[603], 0x0000002C,
debugBuffer1[604], 0x0000002B,
debugBuffer1[605], 0x0000002C,
debugBuffer1[606], 0x0000002C,
debugBuffer1[607], 0x0000002C,
debugBuffer1[608], 0x0000002A,
debugBuffer1[609], 0x0000002B,
debugBuffer1[610], 0x0000002C,
debugBuffer1[611], 0x0000002B,
debugBuffer1[612], 0x0000002C,
debugBuffer1[613], 0x0000002B,
debugBuffer1[614], 0x0000002D,
debugBuffer1[615], 0x0000002B,
debugBuffer1[616], 0x0000002D,
debugBuffer1[617], 0x0000002C,
debugBuffer1[618], 0x0000002B,
debugBuffer1[619], 0x0000002C,
debugBuffer1[620], 0x0000002C,
debugBuffer1[621], 0x0000002B,
debugBuffer1[622], 0x0000002C,
debugBuffer1[623], 0x0000002C,
debugBuffer1[624], 0x0000002C,
debugBuffer1[625], 0x0000002B,
debugBuffer1[626], 0x0000002B,
debugBuffer1[627], 0x0000002B,
debugBuffer1[628], 0x0000002B,
debugBuffer1[629], 0x0000002C,
debugBuffer1[630], 0x0000002B,
debugBuffer1[631], 0x0000002C,
debugBuffer1[632], 0x0000002C,
debugBuffer1[633], 0x0000002B,
debugBuffer1[634], 0x0000002D,
debugBuffer1[635], 0x0000002A,
debugBuffer1[636], 0x0000002B,
debugBuffer1[637], 0x0000002C,
debugBuffer1[638], 0x0000002C,
debugBuffer1[639], 0x0000002A,
debugBuffer1[640], 0x0000002C,
debugBuffer1[641], 0x0000002B,
debugBuffer1[642], 0x0000002C,
debugBuffer1[643], 0x0000002B,
debugBuffer1[644], 0x0000002B,
debugBuffer1[645], 0x0000002B,
debugBuffer1[646], 0x0000002C,
debugBuffer1[647], 0x0000002B,
debugBuffer1[648], 0x0000002B,
debugBuffer1[649], 0x0000002B,
debugBuffer1[650], 0x0000002B,
debugBuffer1[651], 0x0000002B,
debugBuffer1[652], 0x0000002C,
debugBuffer1[653], 0x00000029,
debugBuffer1[654], 0x0000002C,
debugBuffer1[655], 0x00000029,
debugBuffer1[656], 0x0000002A,
debugBuffer1[657], 0x0000002B,
debugBuffer1[658], 0x00000029,
debugBuffer1[659], 0x0000002A,
debugBuffer1[660], 0x00000028,
debugBuffer1[661], 0x00000028,
debugBuffer1[662], 0x00000026,
debugBuffer1[663], 0x00000021,
debugBuffer1[664], 0x0000002A,
debugBuffer1[665], 0x00000039,
debugBuffer1[666], 0x0000003B,
debugBuffer1[667], 0x00000034,
debugBuffer1[668], 0x00000033,
debugBuffer1[669], 0x00000031,
debugBuffer1[670], 0x00000030,
debugBuffer1[671], 0x00000030,
debugBuffer1[672], 0x0000002F,
debugBuffer1[673], 0x0000002F,
debugBuffer1[674], 0x0000002F,
debugBuffer1[675], 0x0000002E,
debugBuffer1[676], 0x0000002F,
debugBuffer1[677], 0x0000002E,
debugBuffer1[678], 0x0000002D,
debugBuffer1[679], 0x0000002E,
debugBuffer1[680], 0x0000002E,
debugBuffer1[681], 0x0000002E,
debugBuffer1[682], 0x0000002D,
debugBuffer1[683], 0x0000002E,
debugBuffer1[684], 0x0000002E,
debugBuffer1[685], 0x0000002E,
debugBuffer1[686], 0x0000002D,
debugBuffer1[687], 0x0000002E,
debugBuffer1[688], 0x0000002E,
debugBuffer1[689], 0x0000002D,
debugBuffer1[690], 0x0000002E,
debugBuffer1[691], 0x0000002E,
debugBuffer1[692], 0x0000002E,
debugBuffer1[693], 0x0000002D,
debugBuffer1[694], 0x0000002E,
debugBuffer1[695], 0x0000002E,
debugBuffer1[696], 0x0000002E,
debugBuffer1[697], 0x0000002E,
debugBuffer1[698], 0x0000002E,
debugBuffer1[699], 0x0000002D,
debugBuffer1[700], 0x0000002D,
debugBuffer1[701], 0x0000002E,
debugBuffer1[702], 0x0000002E,
debugBuffer1[703], 0x0000002D,
debugBuffer1[704], 0x0000002E,
debugBuffer1[705], 0x0000002D,
debugBuffer1[706], 0x0000002D,
debugBuffer1[707], 0x0000002E,
debugBuffer1[708], 0x0000002D,
debugBuffer1[709], 0x0000002D,
debugBuffer1[710], 0x0000002D,
debugBuffer1[711], 0x0000002E,
debugBuffer1[712], 0x0000002D,
debugBuffer1[713], 0x0000002E,
debugBuffer1[714], 0x0000002E,
debugBuffer1[715], 0x0000002E,
debugBuffer1[716], 0x0000002E,
debugBuffer1[717], 0x0000002F,
debugBuffer1[718], 0x0000002E,
debugBuffer1[719], 0x0000002E,
debugBuffer1[720], 0x0000002E,
debugBuffer1[721], 0x0000002E,
debugBuffer1[722], 0x0000002D,
debugBuffer1[723], 0x0000002E,
debugBuffer1[724], 0x0000002D,
debugBuffer1[725], 0x0000002E,
debugBuffer1[726], 0x0000002F,
debugBuffer1[727], 0x0000002E,
debugBuffer1[728], 0x0000002E,
debugBuffer1[729], 0x0000002F,
debugBuffer1[730], 0x0000002E,
debugBuffer1[731], 0x0000002E,
debugBuffer1[732], 0x0000002F,
debugBuffer1[733], 0x0000002E,
debugBuffer1[734], 0x0000002E,
debugBuffer1[735], 0x0000002E,
debugBuffer1[736], 0x0000002E,
debugBuffer1[737], 0x0000002E,
debugBuffer1[738], 0x0000002E,
debugBuffer1[739], 0x0000002E,
debugBuffer1[740], 0x0000002E,
debugBuffer1[741], 0x0000002D,
debugBuffer1[742], 0x0000002F,
debugBuffer1[743], 0x0000002E,
debugBuffer1[744], 0x0000002E,
debugBuffer1[745], 0x0000002E,
debugBuffer1[746], 0x0000002E,
debugBuffer1[747], 0x0000002F,
debugBuffer1[748], 0x0000002F,
debugBuffer1[749], 0x0000002E,
debugBuffer1[750], 0x0000002F,
debugBuffer1[751], 0x0000002E,
debugBuffer1[752], 0x0000002F,
debugBuffer1[753], 0x0000002E,
debugBuffer1[754], 0x0000002E,
debugBuffer1[755], 0x0000002E,
debugBuffer1[756], 0x0000002E,
debugBuffer1[757], 0x0000002F,
debugBuffer1[758], 0x0000002E,
debugBuffer1[759], 0x0000002F,
debugBuffer1[760], 0x0000002E,
debugBuffer1[761], 0x0000002E,
debugBuffer1[762], 0x0000002E,
debugBuffer1[763], 0x0000002F,
debugBuffer1[764], 0x0000002D,
debugBuffer1[765], 0x0000002E,
debugBuffer1[766], 0x0000002E,
debugBuffer1[767], 0x0000002E,
debugBuffer1[768], 0x0000003F,
debugBuffer1[769], 0x00000032,
debugBuffer1[770], 0x00000030,
debugBuffer1[771], 0x00000030,
debugBuffer1[772], 0x00000030,
debugBuffer1[773], 0x00000030,
debugBuffer1[774], 0x00000030,
debugBuffer1[775], 0x00000030,
debugBuffer1[776], 0x00000030,
debugBuffer1[777], 0x0000002F,
debugBuffer1[778], 0x00000030,
debugBuffer1[779], 0x00000030,
debugBuffer1[780], 0x00000030,
debugBuffer1[781], 0x00000030,
debugBuffer1[782], 0x00000030,
debugBuffer1[783], 0x0000002F,
debugBuffer1[784], 0x00000030,
debugBuffer1[785], 0x00000030,
debugBuffer1[786], 0x00000030,
debugBuffer1[787], 0x0000002F,
debugBuffer1[788], 0x00000030,
debugBuffer1[789], 0x00000030,
debugBuffer1[790], 0x00000030,
debugBuffer1[791], 0x00000030,
debugBuffer1[792], 0x00000030,
debugBuffer1[793], 0x00000030,
debugBuffer1[794], 0x00000030,
debugBuffer1[795], 0x00000030,
debugBuffer1[796], 0x00000030,
debugBuffer1[797], 0x00000030,
debugBuffer1[798], 0x0000002F,
debugBuffer1[799], 0x00000030,
debugBuffer1[800], 0x00000031,
debugBuffer1[801], 0x00000030,
debugBuffer1[802], 0x00000030,
debugBuffer1[803], 0x00000031,
debugBuffer1[804], 0x00000031,
debugBuffer1[805], 0x00000030,
debugBuffer1[806], 0x00000030,
debugBuffer1[807], 0x00000030,
debugBuffer1[808], 0x00000030,
debugBuffer1[809], 0x00000030,
debugBuffer1[810], 0x00000030,
debugBuffer1[811], 0x00000031,
debugBuffer1[812], 0x00000030,
debugBuffer1[813], 0x00000031,
debugBuffer1[814], 0x00000031,
debugBuffer1[815], 0x00000031,
debugBuffer1[816], 0x00000031,
debugBuffer1[817], 0x00000030,
debugBuffer1[818], 0x00000031,
debugBuffer1[819], 0x0000002F,
debugBuffer1[820], 0x00000031,
debugBuffer1[821], 0x00000031,
debugBuffer1[822], 0x00000031,
debugBuffer1[823], 0x00000031,
debugBuffer1[824], 0x00000032,
debugBuffer1[825], 0x00000032,
debugBuffer1[826], 0x00000032,
debugBuffer1[827], 0x00000031,
debugBuffer1[828], 0x00000032,
debugBuffer1[829], 0x00000032,
debugBuffer1[830], 0x00000032,
debugBuffer1[831], 0x00000031,
debugBuffer1[832], 0x00000032,
debugBuffer1[833], 0x00000032,
debugBuffer1[834], 0x00000032,
debugBuffer1[835], 0x00000032,
debugBuffer1[836], 0x00000032,
debugBuffer1[837], 0x00000032,
debugBuffer1[838], 0x00000032,
debugBuffer1[839], 0x00000032,
debugBuffer1[840], 0x00000032,
debugBuffer1[841], 0x00000032,
debugBuffer1[842], 0x00000032,
debugBuffer1[843], 0x00000032,
debugBuffer1[844], 0x00000032,
debugBuffer1[845], 0x00000033,
debugBuffer1[846], 0x00000032,
debugBuffer1[847], 0x00000032,
debugBuffer1[848], 0x00000033,
debugBuffer1[849], 0x00000033,
debugBuffer1[850], 0x00000032,
debugBuffer1[851], 0x00000032,
debugBuffer1[852], 0x00000033,
debugBuffer1[853], 0x00000033,
debugBuffer1[854], 0x00000032,
debugBuffer1[855], 0x00000032,
debugBuffer1[856], 0x00000033,
debugBuffer1[857], 0x00000033,
debugBuffer1[858], 0x00000032,
debugBuffer1[859], 0x00000033,
debugBuffer1[860], 0x00000033,
debugBuffer1[861], 0x00000033,
debugBuffer1[862], 0x00000032,
debugBuffer1[863], 0x00000033,
debugBuffer1[864], 0x00000033,
debugBuffer1[865], 0x00000033,
debugBuffer1[866], 0x00000032,
debugBuffer1[867], 0x00000032,
debugBuffer1[868], 0x00000032,
debugBuffer1[869], 0x00000033,
debugBuffer1[870], 0x0000003E,
debugBuffer1[871], 0x0000003C,
debugBuffer1[872], 0x00000038,
debugBuffer1[873], 0x00000037,
debugBuffer1[874], 0x00000036,
debugBuffer1[875], 0x00000036,
debugBuffer1[876], 0x00000035,
debugBuffer1[877], 0x00000035,
debugBuffer1[878], 0x00000035,
debugBuffer1[879], 0x00000035,
debugBuffer1[880], 0x00000036,
debugBuffer1[881], 0x00000035,
debugBuffer1[882], 0x00000035,
debugBuffer1[883], 0x00000035,
debugBuffer1[884], 0x00000036,
debugBuffer1[885], 0x00000036,
debugBuffer1[886], 0x00000036,
debugBuffer1[887], 0x00000036,
debugBuffer1[888], 0x00000036,
debugBuffer1[889], 0x00000036,
debugBuffer1[890], 0x00000036,
debugBuffer1[891], 0x00000036,
debugBuffer1[892], 0x00000036,
debugBuffer1[893], 0x00000036,
debugBuffer1[894], 0x00000036,
debugBuffer1[895], 0x00000036,
debugBuffer1[896], 0x00000037,
debugBuffer1[897], 0x00000037,
debugBuffer1[898], 0x00000037,
debugBuffer1[899], 0x00000037,
debugBuffer1[900], 0x00000037,
debugBuffer1[901], 0x00000037,
debugBuffer1[902], 0x00000037,
debugBuffer1[903], 0x00000037,
debugBuffer1[904], 0x00000038,
debugBuffer1[905], 0x00000037,
debugBuffer1[906], 0x00000037,
debugBuffer1[907], 0x00000038,
debugBuffer1[908], 0x00000038,
debugBuffer1[909], 0x00000038,
debugBuffer1[910], 0x00000038,
debugBuffer1[911], 0x00000038,
debugBuffer1[912], 0x00000038,
debugBuffer1[913], 0x00000038,
debugBuffer1[914], 0x00000038,
debugBuffer1[915], 0x00000039,
debugBuffer1[916], 0x00000039,
debugBuffer1[917], 0x00000039,
debugBuffer1[918], 0x00000039,
debugBuffer1[919], 0x0000003A,
debugBuffer1[920], 0x00000039,
debugBuffer1[921], 0x0000003A,
debugBuffer1[922], 0x00000039,
debugBuffer1[923], 0x0000003A,
debugBuffer1[924], 0x0000003A,
debugBuffer1[925], 0x0000003A,
debugBuffer1[926], 0x0000003A,
debugBuffer1[927], 0x0000003A,
debugBuffer1[928], 0x0000003B,
debugBuffer1[929], 0x0000003B,
debugBuffer1[930], 0x0000003B,
debugBuffer1[931], 0x0000003B,
debugBuffer1[932], 0x0000003B,
debugBuffer1[933], 0x0000003C,
debugBuffer1[934], 0x0000003C,
debugBuffer1[935], 0x0000003C,
debugBuffer1[936], 0x0000003C,
debugBuffer1[937], 0x0000003D,
debugBuffer1[938], 0x0000003D,
debugBuffer1[939], 0x0000003D,
debugBuffer1[940], 0x0000003D,
debugBuffer1[941], 0x0000003E,
debugBuffer1[942], 0x0000003E,
debugBuffer1[943], 0x0000003E,
debugBuffer1[944], 0x0000003F,
debugBuffer1[945], 0x0000003F,
debugBuffer1[946], 0x0000003F,
debugBuffer1[947], 0x00000040,
debugBuffer1[948], 0x00000040,
debugBuffer1[949], 0x00000040,
debugBuffer1[950], 0x00000040,
debugBuffer1[951], 0x00000041,
debugBuffer1[952], 0x00000041,
debugBuffer1[953], 0x00000042,
debugBuffer1[954], 0x00000042,
debugBuffer1[955], 0x00000043,
debugBuffer1[956], 0x00000043,
debugBuffer1[957], 0x00000044,
debugBuffer1[958], 0x00000044,
debugBuffer1[959], 0x00000045,
debugBuffer1[960], 0x00000046,
debugBuffer1[961], 0x00000046,
debugBuffer1[962], 0x00000047,
debugBuffer1[963], 0x00000048,
debugBuffer1[964], 0x00000049,
debugBuffer1[965], 0x0000004A,
debugBuffer1[966], 0x0000004B,
debugBuffer1[967], 0x0000004D,
debugBuffer1[968], 0x0000004E,
debugBuffer1[969], 0x00000050,
debugBuffer1[970], 0x00000053,
debugBuffer1[971], 0x00000057,
debugBuffer1[972], 0x0000005E,
debugBuffer1[973], 0x00000069,
debugBuffer1[974], 0x0000005A,
debugBuffer1[975], 0x00000055,
debugBuffer1[976], 0x00000052,
debugBuffer1[977], 0x0000004F,
debugBuffer1[978], 0x0000004E,
debugBuffer1[979], 0x0000004C,
debugBuffer1[980], 0x0000004B,
debugBuffer1[981], 0x0000004A,
debugBuffer1[982], 0x00000049,
debugBuffer1[983], 0x00000048,
debugBuffer1[984], 0x00000047,
debugBuffer1[985], 0x00000046,
debugBuffer1[986], 0x00000046,
debugBuffer1[987], 0x00000045,
debugBuffer1[988], 0x00000045,
debugBuffer1[989], 0x00000044,
debugBuffer1[990], 0x00000044,
debugBuffer1[991], 0x00000043,
debugBuffer1[992], 0x00000043,
debugBuffer1[993], 0x00000043,
debugBuffer1[994], 0x00000042,
debugBuffer1[995], 0x00000042,
debugBuffer1[996], 0x00000041,
debugBuffer1[997], 0x00000041,
debugBuffer1[998], 0x00000041,
debugBuffer1[999], 0x00000040,
debugBuffer1[1000], 0x00000040,
debugBuffer1[1001], 0x00000040,
debugBuffer1[1002], 0x00000040,
debugBuffer1[1003], 0x0000003F,
debugBuffer1[1004], 0x0000003F,
debugBuffer1[1005], 0x00000040,
debugBuffer1[1006], 0x0000003F,
debugBuffer1[1007], 0x0000003E,
debugBuffer1[1008], 0x0000003F,
debugBuffer1[1009], 0x0000003F,
debugBuffer1[1010], 0x0000003E,
debugBuffer1[1011], 0x0000003D,
debugBuffer1[1012], 0x0000003E,
debugBuffer1[1013], 0x0000003F,
debugBuffer1[1014], 0x0000003D,
debugBuffer1[1015], 0x0000003D,
debugBuffer1[1016], 0x0000003E,
debugBuffer1[1017], 0x0000003E,
debugBuffer1[1018], 0x0000003D,
debugBuffer1[1019], 0x0000003D,
debugBuffer1[1020], 0x0000003F,
debugBuffer1[1021], 0x0000003E,
debugBuffer1[1022], 0x0000003C,
debugBuffer1[1023], 0x0000003E,
