outFFT[0].re, 0xFFFFF427,
outFFT[0].im, 0x00000000,
outFFT[1].re, 0xFFFFFDB4,
outFFT[1].im, 0x00000320,
outFFT[2].re, 0xFFFFFA70,
outFFT[2].im, 0x000001FA,
outFFT[3].re, 0xFFFFFB35,
outFFT[3].im, 0xFFFFFF7F,
outFFT[4].re, 0xFFFFFD11,
outFFT[4].im, 0xFFFFFFD9,
outFFT[5].re, 0xFFFFFC6D,
outFFT[5].im, 0x000001B9,
outFFT[6].re, 0xFFFFFA9D,
outFFT[6].im, 0x000000B9,
outFFT[7].re, 0xFFFFFB70,
outFFT[7].im, 0xFFFFFF00,
outFFT[8].re, 0xFFFFFD1D,
outFFT[8].im, 0xFFFFFFB9,
outFFT[9].re, 0xFFFFFC5D,
outFFT[9].im, 0x00000169,
outFFT[10].re, 0xFFFFFA9A,
outFFT[10].im, 0x0000008B,
outFFT[11].re, 0xFFFFFB5D,
outFFT[11].im, 0xFFFFFED3,
outFFT[12].re, 0xFFFFFD12,
outFFT[12].im, 0xFFFFFF8C,
outFFT[13].re, 0xFFFFFC65,
outFFT[13].im, 0x0000014D,
outFFT[14].re, 0xFFFFFA82,
outFFT[14].im, 0x0000007E,
outFFT[15].re, 0xFFFFFB58,
outFFT[15].im, 0xFFFFFEDD,
outFFT[16].re, 0xFFFFFD05,
outFFT[16].im, 0xFFFFFF1A,
outFFT[17].re, 0xFFFFFC50,
outFFT[17].im, 0x000000FF,
outFFT[18].re, 0xFFFFFA23,
outFFT[18].im, 0x00000110,
outFFT[19].re, 0xFFFFFB27,
outFFT[19].im, 0xFFFFFE91,
outFFT[20].re, 0xFFFFFD10,
outFFT[20].im, 0xFFFFFF39,
outFFT[21].re, 0xFFFFFC89,
outFFT[21].im, 0x0000015D,
outFFT[22].re, 0xFFFFFA43,
outFFT[22].im, 0x000000B5,
outFFT[23].re, 0xFFFFFAE4,
outFFT[23].im, 0xFFFFFE85,
outFFT[24].re, 0xFFFFFD15,
outFFT[24].im, 0xFFFFFF08,
outFFT[25].re, 0xFFFFFCA6,
outFFT[25].im, 0x0000017D,
outFFT[26].re, 0xFFFFFA32,
outFFT[26].im, 0x0000007F,
outFFT[27].re, 0xFFFFFAAA,
outFFT[27].im, 0xFFFFFE6A,
outFFT[28].re, 0xFFFFFD0E,
outFFT[28].im, 0xFFFFFEE1,
outFFT[29].re, 0xFFFFFC7C,
outFFT[29].im, 0x0000013B,
outFFT[30].re, 0xFFFFFA05,
outFFT[30].im, 0x000000DE,
outFFT[31].re, 0xFFFFFA70,
outFFT[31].im, 0xFFFFFE41,
outFFT[32].re, 0xFFFFFD02,
outFFT[32].im, 0xFFFFFEBC,
outFFT[33].re, 0xFFFFFC7D,
outFFT[33].im, 0x0000014C,
outFFT[34].re, 0xFFFFF9F3,
outFFT[34].im, 0x000000DF,
outFFT[35].re, 0xFFFFFA1C,
outFFT[35].im, 0xFFFFFE3E,
outFFT[36].re, 0xFFFFFCDF,
outFFT[36].im, 0xFFFFFE72,
outFFT[37].re, 0xFFFFFCAE,
outFFT[37].im, 0x0000015B,
outFFT[38].re, 0xFFFFF9A3,
outFFT[38].im, 0x00000114,
outFFT[39].re, 0xFFFFF9CE,
outFFT[39].im, 0xFFFFFE11,
outFFT[40].re, 0xFFFFFCF4,
outFFT[40].im, 0xFFFFFE34,
outFFT[41].re, 0xFFFFFCA2,
outFFT[41].im, 0x00000168,
outFFT[42].re, 0xFFFFF960,
outFFT[42].im, 0x0000012E,
outFFT[43].re, 0xFFFFF973,
outFFT[43].im, 0xFFFFFDD9,
outFFT[44].re, 0xFFFFFCDA,
outFFT[44].im, 0xFFFFFE09,
outFFT[45].re, 0xFFFFFCA9,
outFFT[45].im, 0x0000016E,
outFFT[46].re, 0xFFFFF90D,
outFFT[46].im, 0x00000163,
outFFT[47].re, 0xFFFFF916,
outFFT[47].im, 0xFFFFFD9F,
outFFT[48].re, 0xFFFFFCB4,
outFFT[48].im, 0xFFFFFDBE,
outFFT[49].re, 0xFFFFFCBB,
outFFT[49].im, 0x0000018E,
outFFT[50].re, 0xFFFFF87E,
outFFT[50].im, 0x0000018F,
outFFT[51].re, 0xFFFFF8BB,
outFFT[51].im, 0xFFFFFD83,
outFFT[52].re, 0xFFFFFCC0,
outFFT[52].im, 0xFFFFFD83,
outFFT[53].re, 0xFFFFFCAD,
outFFT[53].im, 0x0000019A,
outFFT[54].re, 0xFFFFF844,
outFFT[54].im, 0x000001A8,
outFFT[55].re, 0xFFFFF813,
outFFT[55].im, 0xFFFFFD35,
outFFT[56].re, 0xFFFFFC9A,
outFFT[56].im, 0xFFFFFD15,
outFFT[57].re, 0xFFFFFCA0,
outFFT[57].im, 0x000001BD,
outFFT[58].re, 0xFFFFF7AE,
outFFT[58].im, 0x000001E1,
outFFT[59].re, 0xFFFFF766,
outFFT[59].im, 0xFFFFFCED,
outFFT[60].re, 0xFFFFFC74,
outFFT[60].im, 0xFFFFFCB1,
outFFT[61].re, 0xFFFFFC8C,
outFFT[61].im, 0x000001F6,
outFFT[62].re, 0xFFFFF71B,
outFFT[62].im, 0x0000022F,
outFFT[63].re, 0xFFFFF6AA,
outFFT[63].im, 0xFFFFFC93,
outFFT[64].re, 0xFFFFFC46,
outFFT[64].im, 0xFFFFFC31,
outFFT[65].re, 0xFFFFFC97,
outFFT[65].im, 0x0000021E,
outFFT[66].re, 0xFFFFF64C,
outFFT[66].im, 0x0000027F,
outFFT[67].re, 0xFFFFF5A5,
outFFT[67].im, 0xFFFFFC18,
outFFT[68].re, 0xFFFFFC24,
outFFT[68].im, 0xFFFFFB8E,
outFFT[69].re, 0xFFFFFC84,
outFFT[69].im, 0x0000025E,
outFFT[70].re, 0xFFFFF529,
outFFT[70].im, 0x000002DD,
outFFT[71].re, 0xFFFFF46F,
outFFT[71].im, 0xFFFFFB85,
outFFT[72].re, 0xFFFFFBEC,
outFFT[72].im, 0xFFFFFADD,
outFFT[73].re, 0xFFFFFC4E,
outFFT[73].im, 0x000002AF,
outFFT[74].re, 0xFFFFF3E2,
outFFT[74].im, 0x00000368,
outFFT[75].re, 0xFFFFF2E7,
outFFT[75].im, 0xFFFFFAC2,
outFFT[76].re, 0xFFFFFB7B,
outFFT[76].im, 0xFFFFF9E9,
outFFT[77].re, 0xFFFFFC34,
outFFT[77].im, 0x0000033A,
outFFT[78].re, 0xFFFFF222,
outFFT[78].im, 0x0000040D,
outFFT[79].re, 0xFFFFF0CC,
outFFT[79].im, 0xFFFFF9C4,
outFFT[80].re, 0xFFFFFB2D,
outFFT[80].im, 0xFFFFF89A,
outFFT[81].re, 0xFFFFFBE1,
outFFT[81].im, 0x000003C6,
outFFT[82].re, 0xFFFFEFA0,
outFFT[82].im, 0x000004EC,
outFFT[83].re, 0xFFFFEDCA,
outFFT[83].im, 0xFFFFF859,
outFFT[84].re, 0xFFFFFA92,
outFFT[84].im, 0xFFFFF6CA,
outFFT[85].re, 0xFFFFFB79,
outFFT[85].im, 0x000004AB,
outFFT[86].re, 0xFFFFEBCC,
outFFT[86].im, 0x0000061E,
outFFT[87].re, 0xFFFFE934,
outFFT[87].im, 0xFFFFF649,
outFFT[88].re, 0xFFFFF972,
outFFT[88].im, 0xFFFFF3FC,
outFFT[89].re, 0xFFFFFAB9,
outFFT[89].im, 0x0000064C,
outFFT[90].re, 0xFFFFE5B5,
outFFT[90].im, 0x00000878,
outFFT[91].re, 0xFFFFE18E,
outFFT[91].im, 0xFFFFF294,
outFFT[92].re, 0xFFFFF7BC,
outFFT[92].im, 0xFFFFEF2B,
outFFT[93].re, 0xFFFFF967,
outFFT[93].im, 0x00000903,
outFFT[94].re, 0xFFFFD9AC,
outFFT[94].im, 0x00000CDC,
outFFT[95].re, 0xFFFFD1A2,
outFFT[95].im, 0xFFFFEAFB,
outFFT[96].re, 0xFFFFF3DC,
outFFT[96].im, 0xFFFFE43F,
outFFT[97].re, 0xFFFFF627,
outFFT[97].im, 0x00001006,
outFFT[98].re, 0xFFFFB7DE,
outFFT[98].im, 0x000018CF,
outFFT[99].re, 0xFFFF9CCC,
outFFT[99].im, 0xFFFFD1D3,
outFFT[100].re, 0xFFFFE332,
outFFT[100].im, 0xFFFFB59F,
outFFT[101].re, 0xFFFFE008,
outFFT[101].im, 0x00003DF4,
outFFT[102].re, 0xFFFD3634,
outFFT[102].im, 0x0000FD52,
outFFT[103].re, 0x00025FF1,
outFFT[103].im, 0x00012220,
outFFT[104].re, 0x000027E1,
outFFT[104].im, 0x000076E7,
outFFT[105].re, 0x00000EE6,
outFFT[105].im, 0xFFFFDC4B,
outFFT[106].re, 0x00005854,
outFFT[106].im, 0xFFFFE004,
outFFT[107].re, 0x00004995,
outFFT[107].im, 0x00002425,
outFFT[108].re, 0x000009D5,
outFFT[108].im, 0x000021BF,
outFFT[109].re, 0x000004B1,
outFFT[109].im, 0xFFFFF1B3,
outFFT[110].re, 0x0000294A,
outFFT[110].im, 0xFFFFF0BC,
outFFT[111].re, 0x000026D0,
outFFT[111].im, 0x00001387,
outFFT[112].re, 0x000004DA,
outFFT[112].im, 0x000013D2,
outFFT[113].re, 0x00000241,
outFFT[113].im, 0xFFFFF6E3,
outFFT[114].re, 0x00001ABC,
outFFT[114].im, 0xFFFFF5DE,
outFFT[115].re, 0x00001A31,
outFFT[115].im, 0x00000D95,
outFFT[116].re, 0x000002E0,
outFFT[116].im, 0x00000E1C,
outFFT[117].re, 0x00000124,
outFFT[117].im, 0xFFFFF939,
outFFT[118].re, 0x000013B6,
outFFT[118].im, 0xFFFFF844,
outFFT[119].re, 0x0000138B,
outFFT[119].im, 0x00000A9C,
outFFT[120].re, 0x000001C2,
outFFT[120].im, 0x00000B11,
outFFT[121].re, 0x0000009E,
outFFT[121].im, 0xFFFFFA9C,
outFFT[122].re, 0x00000FA5,
outFFT[122].im, 0xFFFFF9DF,
outFFT[123].re, 0x00000FB6,
outFFT[123].im, 0x0000089C,
outFFT[124].re, 0x00000113,
outFFT[124].im, 0x00000907,
outFFT[125].re, 0x0000003F,
outFFT[125].im, 0xFFFFFB67,
outFFT[126].re, 0x00000CE3,
outFFT[126].im, 0xFFFFFAD6,
outFFT[127].re, 0x00000D07,
outFFT[127].im, 0x0000074B,
outFFT[128].re, 0x00000092,
outFFT[128].im, 0x000007A9,
outFFT[129].re, 0xFFFFFFF1,
outFFT[129].im, 0xFFFFFBF4,
outFFT[130].re, 0x00000AF7,
outFFT[130].im, 0xFFFFFB93,
outFFT[131].re, 0x00000B13,
outFFT[131].im, 0x00000669,
outFFT[132].re, 0x00000042,
outFFT[132].im, 0x000006AC,
outFFT[133].re, 0xFFFFFFD1,
outFFT[133].im, 0xFFFFFC60,
outFFT[134].re, 0x0000098D,
outFFT[134].im, 0xFFFFFC16,
outFFT[135].re, 0x00000991,
outFFT[135].im, 0x000005A7,
outFFT[136].re, 0x00000008,
outFFT[136].im, 0x000005E5,
outFFT[137].re, 0xFFFFFF9C,
outFFT[137].im, 0xFFFFFCB9,
outFFT[138].re, 0x00000870,
outFFT[138].im, 0xFFFFFC76,
outFFT[139].re, 0x00000871,
outFFT[139].im, 0x0000052A,
outFFT[140].re, 0xFFFFFFD4,
outFFT[140].im, 0x00000549,
outFFT[141].re, 0xFFFFFF88,
outFFT[141].im, 0xFFFFFCEE,
outFFT[142].re, 0x00000784,
outFFT[142].im, 0xFFFFFCCF,
outFFT[143].re, 0x00000798,
outFFT[143].im, 0x000004B2,
outFFT[144].re, 0xFFFFFF9B,
outFFT[144].im, 0x000004C6,
outFFT[145].re, 0xFFFFFF69,
outFFT[145].im, 0xFFFFFD19,
outFFT[146].re, 0x000006CD,
outFFT[146].im, 0xFFFFFD14,
outFFT[147].re, 0x000006BD,
outFFT[147].im, 0x00000468,
outFFT[148].re, 0xFFFFFF79,
outFFT[148].im, 0x00000464,
outFFT[149].re, 0xFFFFFF68,
outFFT[149].im, 0xFFFFFD58,
outFFT[150].re, 0x0000063F,
outFFT[150].im, 0xFFFFFD4E,
outFFT[151].re, 0x00000627,
outFFT[151].im, 0x00000418,
outFFT[152].re, 0xFFFFFF6B,
outFFT[152].im, 0x00000419,
outFFT[153].re, 0xFFFFFF71,
outFFT[153].im, 0xFFFFFD57,
outFFT[154].re, 0x000005CA,
outFFT[154].im, 0xFFFFFD70,
outFFT[155].re, 0x00000579,
outFFT[155].im, 0x000003C7,
outFFT[156].re, 0xFFFFFF5E,
outFFT[156].im, 0x000003AF,
outFFT[157].re, 0xFFFFFF3C,
outFFT[157].im, 0xFFFFFD80,
outFFT[158].re, 0x00000543,
outFFT[158].im, 0xFFFFFDA7,
outFFT[159].re, 0x0000051F,
outFFT[159].im, 0x00000399,
outFFT[160].re, 0xFFFFFF32,
outFFT[160].im, 0x00000372,
outFFT[161].re, 0xFFFFFF43,
outFFT[161].im, 0xFFFFFD9C,
outFFT[162].re, 0x000004E3,
outFFT[162].im, 0xFFFFFDCB,
outFFT[163].re, 0x000004B9,
outFFT[163].im, 0x0000036A,
outFFT[164].re, 0xFFFFFF17,
outFFT[164].im, 0x00000339,
outFFT[165].re, 0xFFFFFF44,
outFFT[165].im, 0xFFFFFDC0,
outFFT[166].re, 0x0000049D,
outFFT[166].im, 0xFFFFFDDF,
outFFT[167].re, 0x00000453,
outFFT[167].im, 0x0000033E,
outFFT[168].re, 0xFFFFFF12,
outFFT[168].im, 0x000002FE,
outFFT[169].re, 0xFFFFFF2A,
outFFT[169].im, 0xFFFFFDD3,
outFFT[170].re, 0x00000445,
outFFT[170].im, 0xFFFFFDFE,
outFFT[171].re, 0x00000428,
outFFT[171].im, 0x00000329,
outFFT[172].re, 0xFFFFFEEA,
outFFT[172].im, 0x000002E0,
outFFT[173].re, 0xFFFFFF44,
outFFT[173].im, 0xFFFFFDC3,
outFFT[174].re, 0x0000041C,
outFFT[174].im, 0xFFFFFE23,
outFFT[175].re, 0x000003C3,
outFFT[175].im, 0x000002EE,
outFFT[176].re, 0xFFFFFEDA,
outFFT[176].im, 0x000002A6,
outFFT[177].re, 0xFFFFFF34,
outFFT[177].im, 0xFFFFFDE7,
outFFT[178].re, 0x000003DA,
outFFT[178].im, 0xFFFFFE33,
outFFT[179].re, 0x0000037F,
outFFT[179].im, 0x00000307,
outFFT[180].re, 0xFFFFFEF4,
outFFT[180].im, 0x0000026C,
outFFT[181].re, 0xFFFFFF45,
outFFT[181].im, 0xFFFFFDF0,
outFFT[182].re, 0x000003B3,
outFFT[182].im, 0xFFFFFE48,
outFFT[183].re, 0x00000342,
outFFT[183].im, 0x000002C0,
outFFT[184].re, 0xFFFFFEF3,
outFFT[184].im, 0x0000024A,
outFFT[185].re, 0xFFFFFF3E,
outFFT[185].im, 0xFFFFFDE8,
outFFT[186].re, 0x000003A2,
outFFT[186].im, 0xFFFFFE62,
outFFT[187].re, 0x000002DA,
outFFT[187].im, 0x00000230,
outFFT[188].re, 0xFFFFFEBB,
outFFT[188].im, 0x0000025B,
outFFT[189].re, 0xFFFFFF1F,
outFFT[189].im, 0xFFFFFE36,
outFFT[190].re, 0x00000369,
outFFT[190].im, 0xFFFFFE49,
outFFT[191].re, 0x000002EB,
outFFT[191].im, 0x00000280,
outFFT[192].re, 0xFFFFFECB,
outFFT[192].im, 0x0000021B,
outFFT[193].re, 0xFFFFFF35,
outFFT[193].im, 0xFFFFFDFB,
outFFT[194].re, 0x00000330,
outFFT[194].im, 0xFFFFFE67,
outFFT[195].re, 0x000002BB,
outFFT[195].im, 0x00000268,
outFFT[196].re, 0xFFFFFED5,
outFFT[196].im, 0x000001E2,
outFFT[197].re, 0xFFFFFF4C,
outFFT[197].im, 0xFFFFFE0D,
outFFT[198].re, 0x00000308,
outFFT[198].im, 0xFFFFFE5D,
outFFT[199].re, 0x00000298,
outFFT[199].im, 0x00000222,
outFFT[200].re, 0xFFFFFF02,
outFFT[200].im, 0x00000198,
outFFT[201].re, 0xFFFFFF44,
outFFT[201].im, 0xFFFFFE13,
outFFT[202].re, 0x000002D8,
outFFT[202].im, 0xFFFFFE34,
outFFT[203].re, 0x0000028A,
outFFT[203].im, 0x0000011D,
outFFT[204].re, 0x000000AD,
outFFT[204].im, 0x00000087,
outFFT[205].re, 0xFFFFF96C,
outFFT[205].im, 0xFFFFFC8B,
outFFT[206].re, 0x00000355,
outFFT[206].im, 0xFFFFFF8B,
outFFT[207].re, 0x000001CC,
outFFT[207].im, 0x0000038B,
outFFT[208].re, 0xFFFFFDD5,
outFFT[208].im, 0x00000222,
outFFT[209].re, 0xFFFFFEEB,
outFFT[209].im, 0xFFFFFE01,
outFFT[210].re, 0x000002DE,
outFFT[210].im, 0xFFFFFF04,
outFFT[211].re, 0x000001EF,
outFFT[211].im, 0x000002BD,
outFFT[212].re, 0xFFFFFE2F,
outFFT[212].im, 0x000001D5,
outFFT[213].re, 0xFFFFFF02,
outFFT[213].im, 0xFFFFFE0D,
outFFT[214].re, 0x000002CA,
outFFT[214].im, 0xFFFFFEF4,
outFFT[215].re, 0x000001E0,
outFFT[215].im, 0x0000027E,
outFFT[216].re, 0xFFFFFE37,
outFFT[216].im, 0x000001AF,
outFFT[217].re, 0xFFFFFF1B,
outFFT[217].im, 0xFFFFFE11,
outFFT[218].re, 0x000002AD,
outFFT[218].im, 0xFFFFFED7,
outFFT[219].re, 0x000001C0,
outFFT[219].im, 0x00000261,
outFFT[220].re, 0xFFFFFE4A,
outFFT[220].im, 0x000001A7,
outFFT[221].re, 0xFFFFFF18,
outFFT[221].im, 0xFFFFFDD8,
outFFT[222].re, 0x00000284,
outFFT[222].im, 0xFFFFFE97,
outFFT[223].re, 0x00000164,
outFFT[223].im, 0x000002AD,
outFFT[224].re, 0xFFFFFE28,
outFFT[224].im, 0x00000163,
outFFT[225].re, 0xFFFFFF1D,
outFFT[225].im, 0xFFFFFE03,
outFFT[226].re, 0x00000285,
outFFT[226].im, 0xFFFFFEFF,
outFFT[227].re, 0x00000171,
outFFT[227].im, 0x0000025B,
outFFT[228].re, 0xFFFFFE1D,
outFFT[228].im, 0x00000157,
outFFT[229].re, 0xFFFFFF26,
outFFT[229].im, 0xFFFFFDF8,
outFFT[230].re, 0x0000028D,
outFFT[230].im, 0xFFFFFF37,
outFFT[231].re, 0x00000165,
outFFT[231].im, 0x00000202,
outFFT[232].re, 0xFFFFFE17,
outFFT[232].im, 0x00000133,
outFFT[233].re, 0xFFFFFF1E,
outFFT[233].im, 0xFFFFFDF8,
outFFT[234].re, 0x00000247,
outFFT[234].im, 0xFFFFFEFE,
outFFT[235].re, 0x00000140,
outFFT[235].im, 0x0000023B,
outFFT[236].re, 0xFFFFFE0A,
outFFT[236].im, 0x00000113,
outFFT[237].re, 0xFFFFFF25,
outFFT[237].im, 0xFFFFFDFF,
outFFT[238].re, 0x0000022F,
outFFT[238].im, 0xFFFFFF10,
outFFT[239].re, 0x0000013A,
outFFT[239].im, 0x00000215,
outFFT[240].re, 0xFFFFFDF8,
outFFT[240].im, 0x0000011A,
outFFT[241].re, 0xFFFFFF08,
outFFT[241].im, 0xFFFFFDE1,
outFFT[242].re, 0x00000240,
outFFT[242].im, 0xFFFFFF1C,
outFFT[243].re, 0x00000103,
outFFT[243].im, 0x00000222,
outFFT[244].re, 0xFFFFFDEF,
outFFT[244].im, 0x000000FB,
outFFT[245].re, 0xFFFFFF1F,
outFFT[245].im, 0xFFFFFDDC,
outFFT[246].re, 0x00000222,
outFFT[246].im, 0xFFFFFF18,
outFFT[247].re, 0x000000EE,
outFFT[247].im, 0x0000021B,
outFFT[248].re, 0xFFFFFDCE,
outFFT[248].im, 0x000000D2,
outFFT[249].re, 0xFFFFFF16,
outFFT[249].im, 0xFFFFFDE3,
outFFT[250].re, 0x0000020F,
outFFT[250].im, 0xFFFFFF16,
outFFT[251].re, 0x000000C4,
outFFT[251].im, 0x00000223,
outFFT[252].re, 0xFFFFFDC7,
outFFT[252].im, 0x000000CB,
outFFT[253].re, 0xFFFFFF0D,
outFFT[253].im, 0xFFFFFDCE,
outFFT[254].re, 0x00000216,
outFFT[254].im, 0xFFFFFF20,
outFFT[255].re, 0x00000089,
outFFT[255].im, 0x0000021E,
outFFT[256].re, 0xFFFFFDBD,
outFFT[256].im, 0x000000CD,
outFFT[257].re, 0xFFFFFF1C,
outFFT[257].im, 0xFFFFFDBD,
outFFT[258].re, 0x00000211,
outFFT[258].im, 0xFFFFFF28,
outFFT[259].re, 0x00000085,
outFFT[259].im, 0x00000218,
outFFT[260].re, 0xFFFFFD99,
outFFT[260].im, 0x00000096,
outFFT[261].re, 0xFFFFFF0F,
outFFT[261].im, 0xFFFFFDA6,
outFFT[262].re, 0x0000020D,
outFFT[262].im, 0xFFFFFF33,
outFFT[263].re, 0x0000005E,
outFFT[263].im, 0x0000020C,
outFFT[264].re, 0xFFFFFD6E,
outFFT[264].im, 0x00000077,
outFFT[265].re, 0xFFFFFF12,
outFFT[265].im, 0xFFFFFD85,
outFFT[266].re, 0x000001E4,
outFFT[266].im, 0xFFFFFF41,
outFFT[267].re, 0x00000040,
outFFT[267].im, 0x00000218,
outFFT[268].re, 0xFFFFFD49,
outFFT[268].im, 0x00000059,
outFFT[269].re, 0xFFFFFF15,
outFFT[269].im, 0xFFFFFD6D,
outFFT[270].re, 0x000001E1,
outFFT[270].im, 0xFFFFFF38,
outFFT[271].re, 0x00000012,
outFFT[271].im, 0x0000021F,
outFFT[272].re, 0xFFFFFD1B,
outFFT[272].im, 0x00000025,
outFFT[273].re, 0xFFFFFF03,
outFFT[273].im, 0xFFFFFD45,
outFFT[274].re, 0x000001DC,
outFFT[274].im, 0xFFFFFF37,
outFFT[275].re, 0xFFFFFFCC,
outFFT[275].im, 0x00000225,
outFFT[276].re, 0xFFFFFCD6,
outFFT[276].im, 0xFFFFFFFF,
outFFT[277].re, 0xFFFFFEFE,
outFFT[277].im, 0xFFFFFD15,
outFFT[278].re, 0x000001D6,
outFFT[278].im, 0xFFFFFF4A,
outFFT[279].re, 0xFFFFFF88,
outFFT[279].im, 0x0000021C,
outFFT[280].re, 0xFFFFFC8F,
outFFT[280].im, 0xFFFFFFCE,
outFFT[281].re, 0xFFFFFECC,
outFFT[281].im, 0xFFFFFCC9,
outFFT[282].re, 0x000001DB,
outFFT[282].im, 0xFFFFFF5F,
outFFT[283].re, 0xFFFFFF22,
outFFT[283].im, 0x00000244,
outFFT[284].re, 0xFFFFFC2C,
outFFT[284].im, 0xFFFFFF87,
outFFT[285].re, 0xFFFFFEE2,
outFFT[285].im, 0xFFFFFC85,
outFFT[286].re, 0x000001CB,
outFFT[286].im, 0xFFFFFF4D,
outFFT[287].re, 0xFFFFFEB8,
outFFT[287].im, 0x0000025A,
outFFT[288].re, 0xFFFFFB96,
outFFT[288].im, 0xFFFFFF1B,
outFFT[289].re, 0xFFFFFEB8,
outFFT[289].im, 0xFFFFFC05,
outFFT[290].re, 0x000001DE,
outFFT[290].im, 0xFFFFFF6B,
outFFT[291].re, 0xFFFFFE03,
outFFT[291].im, 0x0000024B,
outFFT[292].re, 0xFFFFFAAA,
outFFT[292].im, 0xFFFFFE98,
outFFT[293].re, 0xFFFFFE86,
outFFT[293].im, 0xFFFFFB45,
outFFT[294].re, 0x000001AD,
outFFT[294].im, 0xFFFFFF5E,
outFFT[295].re, 0xFFFFFCF7,
outFFT[295].im, 0x000002B9,
outFFT[296].re, 0xFFFFF932,
outFFT[296].im, 0xFFFFFDBB,
outFFT[297].re, 0xFFFFFE2D,
outFFT[297].im, 0xFFFFF9E1,
outFFT[298].re, 0x000001AF,
outFFT[298].im, 0xFFFFFF78,
outFFT[299].re, 0xFFFFFAE5,
outFFT[299].im, 0x0000034A,
outFFT[300].re, 0xFFFFF61B,
outFFT[300].im, 0xFFFFFBD5,
outFFT[301].re, 0xFFFFFD6C,
outFFT[301].im, 0xFFFFF6E0,
outFFT[302].re, 0x0000019D,
outFFT[302].im, 0xFFFFFF95,
outFFT[303].re, 0xFFFFF51A,
outFFT[303].im, 0x000004C6,
outFFT[304].re, 0xFFFFEB91,
outFFT[304].im, 0xFFFFF5C2,
outFFT[305].re, 0xFFFFF9E7,
outFFT[305].im, 0xFFFFE958,
outFFT[306].re, 0x00000176,
outFFT[306].im, 0x0000010B,
outFFT[307].re, 0xFFFF69E6,
outFFT[307].im, 0x000028B0,
outFFT[308].re, 0x00005FB9,
outFFT[308].im, 0x00003943,
outFFT[309].re, 0x00000776,
outFFT[309].im, 0x00001D1B,
outFFT[310].re, 0x000001B7,
outFFT[310].im, 0xFFFFFF15,
outFFT[311].re, 0x00000F1E,
outFFT[311].im, 0xFFFFFDAD,
outFFT[312].re, 0x00000CC3,
outFFT[312].im, 0x000008F3,
outFFT[313].re, 0x000001DE,
outFFT[313].im, 0x000007AC,
outFFT[314].re, 0x0000019F,
outFFT[314].im, 0xFFFFFF32,
outFFT[315].re, 0x000007C3,
outFFT[315].im, 0xFFFFFFAD,
outFFT[316].re, 0x0000065C,
outFFT[316].im, 0x0000051F,
outFFT[317].re, 0x000000D7,
outFFT[317].im, 0x00000409,
outFFT[318].re, 0x0000019D,
outFFT[318].im, 0xFFFFFF44,
outFFT[319].re, 0x0000055C,
outFFT[319].im, 0x0000003F,
outFFT[320].re, 0x00000403,
outFFT[320].im, 0x000003DF,
outFFT[321].re, 0x00000078,
outFFT[321].im, 0x00000270,
outFFT[322].re, 0x0000019E,
outFFT[322].im, 0xFFFFFF60,
outFFT[323].re, 0x00000445,
outFFT[323].im, 0x0000007B,
outFFT[324].re, 0x000002AD,
outFFT[324].im, 0x0000030C,
outFFT[325].re, 0x00000035,
outFFT[325].im, 0x000001B8,
outFFT[326].re, 0x000001A3,
outFFT[326].im, 0xFFFFFF70,
outFFT[327].re, 0x0000038B,
outFFT[327].im, 0x000000B3,
outFFT[328].re, 0x0000020D,
outFFT[328].im, 0x000002A5,
outFFT[329].re, 0x00000027,
outFFT[329].im, 0x00000114,
outFFT[330].re, 0x00000194,
outFFT[330].im, 0xFFFFFF6B,
outFFT[331].re, 0x00000311,
outFFT[331].im, 0x000000CF,
outFFT[332].re, 0x0000018F,
outFFT[332].im, 0x00000243,
outFFT[333].re, 0x00000002,
outFFT[333].im, 0x000000C5,
outFFT[334].re, 0x00000190,
outFFT[334].im, 0xFFFFFF6C,
outFFT[335].re, 0x000002C1,
outFFT[335].im, 0x000000E9,
outFFT[336].re, 0x00000130,
outFFT[336].im, 0x00000205,
outFFT[337].re, 0xFFFFFFFD,
outFFT[337].im, 0x0000007D,
outFFT[338].re, 0x0000018A,
outFFT[338].im, 0xFFFFFF69,
outFFT[339].re, 0x00000274,
outFFT[339].im, 0x000000E8,
outFFT[340].re, 0x000000E4,
outFFT[340].im, 0x000001EA,
outFFT[341].re, 0xFFFFFFF7,
outFFT[341].im, 0x00000040,
outFFT[342].re, 0x0000017D,
outFFT[342].im, 0xFFFFFF68,
outFFT[343].re, 0x0000024B,
outFFT[343].im, 0x00000108,
outFFT[344].re, 0x000000A4,
outFFT[344].im, 0x000001B2,
outFFT[345].re, 0xFFFFFFFC,
outFFT[345].im, 0x0000001C,
outFFT[346].re, 0x00000179,
outFFT[346].im, 0xFFFFFF6D,
outFFT[347].re, 0x00000217,
outFFT[347].im, 0x00000102,
outFFT[348].re, 0x00000080,
outFFT[348].im, 0x00000193,
outFFT[349].re, 0xFFFFFFEC,
outFFT[349].im, 0xFFFFFFFF,
outFFT[350].re, 0x0000017A,
outFFT[350].im, 0xFFFFFF68,
outFFT[351].re, 0x000001F1,
outFFT[351].im, 0x00000108,
outFFT[352].re, 0x00000053,
outFFT[352].im, 0x00000173,
outFFT[353].re, 0xFFFFFFDA,
outFFT[353].im, 0xFFFFFFE9,
outFFT[354].re, 0x0000017B,
outFFT[354].im, 0xFFFFFF78,
outFFT[355].re, 0x000001CC,
outFFT[355].im, 0x00000114,
outFFT[356].re, 0x00000046,
outFFT[356].im, 0x0000015F,
outFFT[357].re, 0xFFFFFFD6,
outFFT[357].im, 0xFFFFFFE2,
outFFT[358].re, 0x00000193,
outFFT[358].im, 0xFFFFFF69,
outFFT[359].re, 0x000001BF,
outFFT[359].im, 0x00000106,
outFFT[360].re, 0x00000009,
outFFT[360].im, 0x00000142,
outFFT[361].re, 0xFFFFFFF0,
outFFT[361].im, 0xFFFFFFBA,
outFFT[362].re, 0x00000163,
outFFT[362].im, 0xFFFFFF6A,
outFFT[363].re, 0x000001A1,
outFFT[363].im, 0x00000115,
outFFT[364].re, 0xFFFFFFF6,
outFFT[364].im, 0x0000013E,
outFFT[365].re, 0xFFFFFFE3,
outFFT[365].im, 0xFFFFFFA7,
outFFT[366].re, 0x00000171,
outFFT[366].im, 0xFFFFFF80,
outFFT[367].re, 0x0000018A,
outFFT[367].im, 0x0000011A,
outFFT[368].re, 0xFFFFFFF4,
outFFT[368].im, 0x00000124,
outFFT[369].re, 0xFFFFFFDE,
outFFT[369].im, 0xFFFFFF93,
outFFT[370].re, 0x00000174,
outFFT[370].im, 0xFFFFFF8B,
outFFT[371].re, 0x00000174,
outFFT[371].im, 0x0000010D,
outFFT[372].re, 0xFFFFFFE2,
outFFT[372].im, 0x00000113,
outFFT[373].re, 0xFFFFFFE4,
outFFT[373].im, 0xFFFFFF84,
outFFT[374].re, 0x00000162,
outFFT[374].im, 0xFFFFFF8A,
outFFT[375].re, 0x00000159,
outFFT[375].im, 0x00000112,
outFFT[376].re, 0xFFFFFFE1,
outFFT[376].im, 0x00000112,
outFFT[377].re, 0xFFFFFFDF,
outFFT[377].im, 0xFFFFFF7E,
outFFT[378].re, 0x0000016B,
outFFT[378].im, 0xFFFFFF86,
outFFT[379].re, 0x00000155,
outFFT[379].im, 0x00000115,
outFFT[380].re, 0xFFFFFFCB,
outFFT[380].im, 0x000000EE,
outFFT[381].re, 0xFFFFFFD8,
outFFT[381].im, 0xFFFFFF80,
outFFT[382].re, 0x00000169,
outFFT[382].im, 0xFFFFFF88,
outFFT[383].re, 0x00000146,
outFFT[383].im, 0x00000119,
outFFT[384].re, 0xFFFFFFCB,
outFFT[384].im, 0x000000F6,
outFFT[385].re, 0xFFFFFFE6,
outFFT[385].im, 0xFFFFFF57,
outFFT[386].re, 0x00000166,
outFFT[386].im, 0xFFFFFF99,
outFFT[387].re, 0x0000013B,
outFFT[387].im, 0x00000102,
outFFT[388].re, 0xFFFFFFB0,
outFFT[388].im, 0x000000EE,
outFFT[389].re, 0xFFFFFFF1,
outFFT[389].im, 0xFFFFFF54,
outFFT[390].re, 0x00000162,
outFFT[390].im, 0xFFFFFF93,
outFFT[391].re, 0x0000014A,
outFFT[391].im, 0x00000119,
outFFT[392].re, 0xFFFFFF91,
outFFT[392].im, 0x0000008D,
outFFT[393].re, 0xFFFFFFDC,
outFFT[393].im, 0xFFFFFF6F,
outFFT[394].re, 0x00000155,
outFFT[394].im, 0xFFFFFFB5,
outFFT[395].re, 0x00000127,
outFFT[395].im, 0x000000F5,
outFFT[396].re, 0xFFFFFFB2,
outFFT[396].im, 0x000000D4,
outFFT[397].re, 0xFFFFFFF2,
outFFT[397].im, 0xFFFFFF42,
outFFT[398].re, 0x00000158,
outFFT[398].im, 0xFFFFFF9A,
outFFT[399].re, 0x00000111,
outFFT[399].im, 0x0000010B,
outFFT[400].re, 0xFFFFFFA7,
outFFT[400].im, 0x000000AA,
outFFT[401].re, 0xFFFFFFFB,
outFFT[401].im, 0xFFFFFF50,
outFFT[402].re, 0x0000015E,
outFFT[402].im, 0xFFFFFFAC,
outFFT[403].re, 0x0000010D,
outFFT[403].im, 0x000000F1,
outFFT[404].re, 0xFFFFFFB4,
outFFT[404].im, 0x0000009F,
outFFT[405].re, 0x0000001B,
outFFT[405].im, 0xFFFFFF3C,
outFFT[406].re, 0x0000016F,
outFFT[406].im, 0xFFFFFFAB,
outFFT[407].re, 0x000000F2,
outFFT[407].im, 0x000000D0,
outFFT[408].re, 0xFFFFFFD2,
outFFT[408].im, 0x00000017,
outFFT[409].re, 0x00000116,
outFFT[409].im, 0xFFFFFF6F,
outFFT[410].re, 0xFFFFFF2C,
outFFT[410].im, 0xFFFFFDF0,
outFFT[411].re, 0x0000012F,
outFFT[411].im, 0x00000155,
outFFT[412].re, 0xFFFFFF34,
outFFT[412].im, 0x0000012F,
outFFT[413].re, 0xFFFFFF85,
outFFT[413].im, 0xFFFFFF41,
outFFT[414].re, 0x00000134,
outFFT[414].im, 0xFFFFFF83,
outFFT[415].re, 0x00000104,
outFFT[415].im, 0x0000011E,
outFFT[416].re, 0xFFFFFF6D,
outFFT[416].im, 0x000000D8,
outFFT[417].re, 0xFFFFFFBC,
outFFT[417].im, 0xFFFFFF3D,
outFFT[418].re, 0x00000139,
outFFT[418].im, 0xFFFFFF7C,
outFFT[419].re, 0x00000101,
outFFT[419].im, 0x00000119,
outFFT[420].re, 0xFFFFFF68,
outFFT[420].im, 0x000000BA,
outFFT[421].re, 0xFFFFFFC1,
outFFT[421].im, 0xFFFFFF36,
outFFT[422].re, 0x0000014C,
outFFT[422].im, 0xFFFFFF90,
outFFT[423].re, 0x000000F5,
outFFT[423].im, 0x00000109,
outFFT[424].re, 0xFFFFFF72,
outFFT[424].im, 0x000000A8,
outFFT[425].re, 0xFFFFFFD1,
outFFT[425].im, 0xFFFFFF32,
outFFT[426].re, 0x0000013C,
outFFT[426].im, 0xFFFFFF7A,
outFFT[427].re, 0x000000F5,
outFFT[427].im, 0x000000F6,
outFFT[428].re, 0xFFFFFF4A,
outFFT[428].im, 0x000000BA,
outFFT[429].re, 0xFFFFFFD0,
outFFT[429].im, 0xFFFFFF22,
outFFT[430].re, 0x00000150,
outFFT[430].im, 0xFFFFFF8D,
outFFT[431].re, 0x000000DD,
outFFT[431].im, 0x00000104,
outFFT[432].re, 0xFFFFFF60,
outFFT[432].im, 0x000000A4,
outFFT[433].re, 0xFFFFFFC5,
outFFT[433].im, 0xFFFFFF1F,
outFFT[434].re, 0x0000014F,
outFFT[434].im, 0xFFFFFF8E,
outFFT[435].re, 0x000000E6,
outFFT[435].im, 0x00000130,
outFFT[436].re, 0xFFFFFF6A,
outFFT[436].im, 0x00000076,
outFFT[437].re, 0xFFFFFFE2,
outFFT[437].im, 0xFFFFFF1A,
outFFT[438].re, 0x00000147,
outFFT[438].im, 0xFFFFFF93,
outFFT[439].re, 0x000000DE,
outFFT[439].im, 0x000000FD,
outFFT[440].re, 0xFFFFFF61,
outFFT[440].im, 0x0000008B,
outFFT[441].re, 0xFFFFFFE6,
outFFT[441].im, 0xFFFFFF0D,
outFFT[442].re, 0x00000156,
outFFT[442].im, 0xFFFFFF80,
outFFT[443].re, 0x000000BE,
outFFT[443].im, 0x000000F9,
outFFT[444].re, 0xFFFFFF61,
outFFT[444].im, 0x0000006E,
outFFT[445].re, 0xFFFFFFD5,
outFFT[445].im, 0xFFFFFF16,
outFFT[446].re, 0x00000145,
outFFT[446].im, 0xFFFFFF85,
outFFT[447].re, 0x000000C0,
outFFT[447].im, 0x000000FC,
outFFT[448].re, 0xFFFFFF65,
outFFT[448].im, 0x00000076,
outFFT[449].re, 0xFFFFFFD5,
outFFT[449].im, 0xFFFFFF0E,
outFFT[450].re, 0x0000014B,
outFFT[450].im, 0xFFFFFF7E,
outFFT[451].re, 0x000000C2,
outFFT[451].im, 0x000000F5,
outFFT[452].re, 0xFFFFFF51,
outFFT[452].im, 0x0000006B,
outFFT[453].re, 0xFFFFFFDA,
outFFT[453].im, 0xFFFFFF00,
outFFT[454].re, 0x00000140,
outFFT[454].im, 0xFFFFFF8D,
outFFT[455].re, 0x000000B4,
outFFT[455].im, 0x000000EA,
outFFT[456].re, 0xFFFFFF53,
outFFT[456].im, 0x0000006D,
outFFT[457].re, 0xFFFFFFD9,
outFFT[457].im, 0xFFFFFF12,
outFFT[458].re, 0x0000013C,
outFFT[458].im, 0xFFFFFF82,
outFFT[459].re, 0x000000C7,
outFFT[459].im, 0x000000EA,
outFFT[460].re, 0xFFFFFF46,
outFFT[460].im, 0x00000073,
outFFT[461].re, 0xFFFFFFE2,
outFFT[461].im, 0xFFFFFF0A,
outFFT[462].re, 0x00000145,
outFFT[462].im, 0xFFFFFF81,
outFFT[463].re, 0x000000CE,
outFFT[463].im, 0x000000E9,
outFFT[464].re, 0xFFFFFF4D,
outFFT[464].im, 0x00000061,
outFFT[465].re, 0xFFFFFFDB,
outFFT[465].im, 0xFFFFFEF6,
outFFT[466].re, 0x0000013B,
outFFT[466].im, 0xFFFFFF7A,
outFFT[467].re, 0x000000C7,
outFFT[467].im, 0x000000F2,
outFFT[468].re, 0xFFFFFF52,
outFFT[468].im, 0x0000005A,
outFFT[469].re, 0xFFFFFFD3,
outFFT[469].im, 0xFFFFFEF8,
outFFT[470].re, 0x00000152,
outFFT[470].im, 0xFFFFFF6F,
outFFT[471].re, 0x000000BA,
outFFT[471].im, 0x000000EB,
outFFT[472].re, 0xFFFFFF54,
outFFT[472].im, 0x00000054,
outFFT[473].re, 0xFFFFFFDF,
outFFT[473].im, 0xFFFFFEEE,
outFFT[474].re, 0x0000014C,
outFFT[474].im, 0xFFFFFF73,
outFFT[475].re, 0x000000C4,
outFFT[475].im, 0x000000CF,
outFFT[476].re, 0xFFFFFF56,
outFFT[476].im, 0x00000050,
outFFT[477].re, 0xFFFFFFDB,
outFFT[477].im, 0xFFFFFEE8,
outFFT[478].re, 0x0000014A,
outFFT[478].im, 0xFFFFFF60,
outFFT[479].re, 0x000000CA,
outFFT[479].im, 0x000000B5,
outFFT[480].re, 0xFFFFFF5C,
outFFT[480].im, 0x00000056,
outFFT[481].re, 0xFFFFFFC1,
outFFT[481].im, 0xFFFFFED1,
outFFT[482].re, 0x00000146,
outFFT[482].im, 0xFFFFFF44,
outFFT[483].re, 0x000000CB,
outFFT[483].im, 0x000000B8,
outFFT[484].re, 0xFFFFFF56,
outFFT[484].im, 0x0000004C,
outFFT[485].re, 0xFFFFFFB3,
outFFT[485].im, 0xFFFFFEC8,
outFFT[486].re, 0x00000123,
outFFT[486].im, 0xFFFFFF26,
outFFT[487].re, 0x000000EA,
outFFT[487].im, 0x000000D3,
outFFT[488].re, 0xFFFFFF48,
outFFT[488].im, 0x00000053,
outFFT[489].re, 0xFFFFFFB0,
outFFT[489].im, 0xFFFFFEBE,
outFFT[490].re, 0x0000014A,
outFFT[490].im, 0xFFFFFF1A,
outFFT[491].re, 0x000000F6,
outFFT[491].im, 0x000000A3,
outFFT[492].re, 0xFFFFFF52,
outFFT[492].im, 0x00000057,
outFFT[493].re, 0xFFFFFF96,
outFFT[493].im, 0xFFFFFE95,
outFFT[494].re, 0x00000138,
outFFT[494].im, 0xFFFFFEDF,
outFFT[495].re, 0x00000108,
outFFT[495].im, 0x000000B3,
outFFT[496].re, 0xFFFFFF5E,
outFFT[496].im, 0x00000046,
outFFT[497].re, 0xFFFFFF76,
outFFT[497].im, 0xFFFFFE80,
outFFT[498].re, 0x0000013E,
outFFT[498].im, 0xFFFFFE9E,
outFFT[499].re, 0x00000133,
outFFT[499].im, 0x00000069,
outFFT[500].re, 0xFFFFFF54,
outFFT[500].im, 0x00000066,
outFFT[501].re, 0xFFFFFF2D,
outFFT[501].im, 0xFFFFFE5B,
outFFT[502].re, 0x00000141,
outFFT[502].im, 0xFFFFFE14,
outFFT[503].re, 0x000001A1,
outFFT[503].im, 0x0000002D,
outFFT[504].re, 0xFFFFFF59,
outFFT[504].im, 0x00000086,
outFFT[505].re, 0xFFFFFE9F,
outFFT[505].im, 0xFFFFFDF4,
outFFT[506].re, 0x00000153,
outFFT[506].im, 0xFFFFFCD3,
outFFT[507].re, 0x000002A5,
outFFT[507].im, 0xFFFFFF6D,
outFFT[508].re, 0xFFFFFF74,
outFFT[508].im, 0x0000010C,
outFFT[509].re, 0xFFFFFC9D,
outFFT[509].im, 0xFFFFFC93,
outFFT[510].re, 0x000001C2,
outFFT[510].im, 0xFFFFF65E,
outFFT[511].re, 0x00000E71,
outFFT[511].im, 0xFFFFF864,
outFFT[512].re, 0xFFFFCDAA,
outFFT[512].im, 0x00000000,
outFFT[513].re, 0x00000E73,
outFFT[513].im, 0x0000079D,
outFFT[514].re, 0x000001C3,
outFFT[514].im, 0x000009A2,
outFFT[515].re, 0xFFFFFC9F,
outFFT[515].im, 0x0000036D,
outFFT[516].re, 0xFFFFFF76,
outFFT[516].im, 0xFFFFFEF4,
outFFT[517].re, 0x000002A6,
outFFT[517].im, 0x00000094,
outFFT[518].re, 0x00000154,
outFFT[518].im, 0x0000032D,
outFFT[519].re, 0xFFFFFEA0,
outFFT[519].im, 0x0000020C,
outFFT[520].re, 0xFFFFFF5A,
outFFT[520].im, 0xFFFFFF79,
outFFT[521].re, 0x000001A1,
outFFT[521].im, 0xFFFFFFD2,
outFFT[522].re, 0x00000142,
outFFT[522].im, 0x000001ED,
outFFT[523].re, 0xFFFFFF2E,
outFFT[523].im, 0x000001A4,
outFFT[524].re, 0xFFFFFF55,
outFFT[524].im, 0xFFFFFF9B,
outFFT[525].re, 0x00000134,
outFFT[525].im, 0xFFFFFF97,
outFFT[526].re, 0x0000013F,
outFFT[526].im, 0x00000162,
outFFT[527].re, 0xFFFFFF77,
outFFT[527].im, 0x00000180,
outFFT[528].re, 0xFFFFFF5F,
outFFT[528].im, 0xFFFFFFB9,
outFFT[529].re, 0x00000109,
outFFT[529].im, 0xFFFFFF4C,
outFFT[530].re, 0x00000139,
outFFT[530].im, 0x00000121,
outFFT[531].re, 0xFFFFFF97,
outFFT[531].im, 0x0000016B,
outFFT[532].re, 0xFFFFFF52,
outFFT[532].im, 0xFFFFFFA8,
outFFT[533].re, 0x000000F8,
outFFT[533].im, 0xFFFFFF5C,
outFFT[534].re, 0x0000014A,
outFFT[534].im, 0x000000E6,
outFFT[535].re, 0xFFFFFFB1,
outFFT[535].im, 0x00000142,
outFFT[536].re, 0xFFFFFF49,
outFFT[536].im, 0xFFFFFFAC,
outFFT[537].re, 0x000000EB,
outFFT[537].im, 0xFFFFFF2D,
outFFT[538].re, 0x00000123,
outFFT[538].im, 0x000000D9,
outFFT[539].re, 0xFFFFFFB3,
outFFT[539].im, 0x00000137,
outFFT[540].re, 0xFFFFFF56,
outFFT[540].im, 0xFFFFFFB3,
outFFT[541].re, 0x000000CB,
outFFT[541].im, 0xFFFFFF47,
outFFT[542].re, 0x00000146,
outFFT[542].im, 0x000000BB,
outFFT[543].re, 0xFFFFFFC2,
outFFT[543].im, 0x0000012F,
outFFT[544].re, 0xFFFFFF5D,
outFFT[544].im, 0xFFFFFFAB,
outFFT[545].re, 0x000000CB,
outFFT[545].im, 0xFFFFFF4B,
outFFT[546].re, 0x0000014A,
outFFT[546].im, 0x0000009F,
outFFT[547].re, 0xFFFFFFDC,
outFFT[547].im, 0x00000118,
outFFT[548].re, 0xFFFFFF57,
outFFT[548].im, 0xFFFFFFB0,
outFFT[549].re, 0x000000C4,
outFFT[549].im, 0xFFFFFF31,
outFFT[550].re, 0x0000014D,
outFFT[550].im, 0x0000008D,
outFFT[551].re, 0xFFFFFFE0,
outFFT[551].im, 0x00000111,
outFFT[552].re, 0xFFFFFF55,
outFFT[552].im, 0xFFFFFFAC,
outFFT[553].re, 0x000000BA,
outFFT[553].im, 0xFFFFFF15,
outFFT[554].re, 0x00000153,
outFFT[554].im, 0x0000008F,
outFFT[555].re, 0xFFFFFFD4,
outFFT[555].im, 0x00000107,
outFFT[556].re, 0xFFFFFF53,
outFFT[556].im, 0xFFFFFFA6,
outFFT[557].re, 0x000000C8,
outFFT[557].im, 0xFFFFFF0E,
outFFT[558].re, 0x0000013C,
outFFT[558].im, 0x00000086,
outFFT[559].re, 0xFFFFFFDC,
outFFT[559].im, 0x00000108,
outFFT[560].re, 0xFFFFFF4E,
outFFT[560].im, 0xFFFFFF9F,
outFFT[561].re, 0x000000CE,
outFFT[561].im, 0xFFFFFF17,
outFFT[562].re, 0x00000146,
outFFT[562].im, 0x0000007E,
outFFT[563].re, 0xFFFFFFE2,
outFFT[563].im, 0x000000F6,
outFFT[564].re, 0xFFFFFF47,
outFFT[564].im, 0xFFFFFF8C,
outFFT[565].re, 0x000000C7,
outFFT[565].im, 0xFFFFFF15,
outFFT[566].re, 0x0000013D,
outFFT[566].im, 0x0000007D,
outFFT[567].re, 0xFFFFFFDA,
outFFT[567].im, 0x000000EE,
outFFT[568].re, 0xFFFFFF55,
outFFT[568].im, 0xFFFFFF92,
outFFT[569].re, 0x000000B5,
outFFT[569].im, 0xFFFFFF15,
outFFT[570].re, 0x00000142,
outFFT[570].im, 0x00000073,
outFFT[571].re, 0xFFFFFFDB,
outFFT[571].im, 0x000000FF,
outFFT[572].re, 0xFFFFFF52,
outFFT[572].im, 0xFFFFFF94,
outFFT[573].re, 0x000000C2,
outFFT[573].im, 0xFFFFFF0A,
outFFT[574].re, 0x0000014C,
outFFT[574].im, 0x00000081,
outFFT[575].re, 0xFFFFFFD6,
outFFT[575].im, 0x000000F1,
outFFT[576].re, 0xFFFFFF66,
outFFT[576].im, 0xFFFFFF8A,
outFFT[577].re, 0x000000C1,
outFFT[577].im, 0xFFFFFF04,
outFFT[578].re, 0x00000146,
outFFT[578].im, 0x0000007B,
outFFT[579].re, 0xFFFFFFD6,
outFFT[579].im, 0x000000EA,
outFFT[580].re, 0xFFFFFF61,
outFFT[580].im, 0xFFFFFF92,
outFFT[581].re, 0x000000BF,
outFFT[581].im, 0xFFFFFF06,
outFFT[582].re, 0x00000158,
outFFT[582].im, 0x00000080,
outFFT[583].re, 0xFFFFFFE7,
outFFT[583].im, 0x000000F4,
outFFT[584].re, 0xFFFFFF62,
outFFT[584].im, 0xFFFFFF74,
outFFT[585].re, 0x000000DF,
outFFT[585].im, 0xFFFFFF03,
outFFT[586].re, 0x00000148,
outFFT[586].im, 0x0000006C,
outFFT[587].re, 0xFFFFFFE4,
outFFT[587].im, 0x000000E5,
outFFT[588].re, 0xFFFFFF6B,
outFFT[588].im, 0xFFFFFF89,
outFFT[589].re, 0x000000E7,
outFFT[589].im, 0xFFFFFED0,
outFFT[590].re, 0x00000150,
outFFT[590].im, 0x00000072,
outFFT[591].re, 0xFFFFFFC7,
outFFT[591].im, 0x000000E0,
outFFT[592].re, 0xFFFFFF61,
outFFT[592].im, 0xFFFFFF5B,
outFFT[593].re, 0x000000DD,
outFFT[593].im, 0xFFFFFEFC,
outFFT[594].re, 0x00000151,
outFFT[594].im, 0x00000072,
outFFT[595].re, 0xFFFFFFD0,
outFFT[595].im, 0x000000DE,
outFFT[596].re, 0xFFFFFF4B,
outFFT[596].im, 0xFFFFFF45,
outFFT[597].re, 0x000000F6,
outFFT[597].im, 0xFFFFFF0A,
outFFT[598].re, 0x0000013C,
outFFT[598].im, 0x00000086,
outFFT[599].re, 0xFFFFFFD2,
outFFT[599].im, 0x000000CE,
outFFT[600].re, 0xFFFFFF72,
outFFT[600].im, 0xFFFFFF57,
outFFT[601].re, 0x000000F6,
outFFT[601].im, 0xFFFFFEF6,
outFFT[602].re, 0x0000014D,
outFFT[602].im, 0x00000070,
outFFT[603].re, 0xFFFFFFC1,
outFFT[603].im, 0x000000C9,
outFFT[604].re, 0xFFFFFF6A,
outFFT[604].im, 0xFFFFFF44,
outFFT[605].re, 0x00000102,
outFFT[605].im, 0xFFFFFEE6,
outFFT[606].re, 0x0000013A,
outFFT[606].im, 0x00000083,
outFFT[607].re, 0xFFFFFFBC,
outFFT[607].im, 0x000000C3,
outFFT[608].re, 0xFFFFFF6D,
outFFT[608].im, 0xFFFFFF27,
outFFT[609].re, 0x00000105,
outFFT[609].im, 0xFFFFFEE1,
outFFT[610].re, 0x00000134,
outFFT[610].im, 0x0000007D,
outFFT[611].re, 0xFFFFFF86,
outFFT[611].im, 0x000000BF,
outFFT[612].re, 0xFFFFFF35,
outFFT[612].im, 0xFFFFFED0,
outFFT[613].re, 0x00000130,
outFFT[613].im, 0xFFFFFEAA,
outFFT[614].re, 0xFFFFFF2D,
outFFT[614].im, 0x0000020F,
outFFT[615].re, 0x00000117,
outFFT[615].im, 0x00000091,
outFFT[616].re, 0xFFFFFFD3,
outFFT[616].im, 0xFFFFFFE8,
outFFT[617].re, 0x000000F3,
outFFT[617].im, 0xFFFFFF30,
outFFT[618].re, 0x0000016F,
outFFT[618].im, 0x00000055,
outFFT[619].re, 0x0000001C,
outFFT[619].im, 0x000000C4,
outFFT[620].re, 0xFFFFFFB5,
outFFT[620].im, 0xFFFFFF60,
outFFT[621].re, 0x0000010D,
outFFT[621].im, 0xFFFFFF0E,
outFFT[622].re, 0x0000015F,
outFFT[622].im, 0x00000053,
outFFT[623].re, 0xFFFFFFFC,
outFFT[623].im, 0x000000B0,
outFFT[624].re, 0xFFFFFFA8,
outFFT[624].im, 0xFFFFFF56,
outFFT[625].re, 0x00000112,
outFFT[625].im, 0xFFFFFEF4,
outFFT[626].re, 0x00000158,
outFFT[626].im, 0x00000066,
outFFT[627].re, 0xFFFFFFF2,
outFFT[627].im, 0x000000BD,
outFFT[628].re, 0xFFFFFFB2,
outFFT[628].im, 0xFFFFFF2C,
outFFT[629].re, 0x00000127,
outFFT[629].im, 0xFFFFFF0A,
outFFT[630].re, 0x00000156,
outFFT[630].im, 0x0000004B,
outFFT[631].re, 0xFFFFFFDD,
outFFT[631].im, 0x00000090,
outFFT[632].re, 0xFFFFFF92,
outFFT[632].im, 0xFFFFFF73,
outFFT[633].re, 0x0000014B,
outFFT[633].im, 0xFFFFFEE6,
outFFT[634].re, 0x00000163,
outFFT[634].im, 0x0000006D,
outFFT[635].re, 0xFFFFFFF2,
outFFT[635].im, 0x000000AC,
outFFT[636].re, 0xFFFFFFB1,
outFFT[636].im, 0xFFFFFF12,
outFFT[637].re, 0x0000013C,
outFFT[637].im, 0xFFFFFEFE,
outFFT[638].re, 0x00000167,
outFFT[638].im, 0x00000067,
outFFT[639].re, 0xFFFFFFE6,
outFFT[639].im, 0x000000A9,
outFFT[640].re, 0xFFFFFFCB,
outFFT[640].im, 0xFFFFFF0A,
outFFT[641].re, 0x00000147,
outFFT[641].im, 0xFFFFFEE8,
outFFT[642].re, 0x0000016A,
outFFT[642].im, 0x00000078,
outFFT[643].re, 0xFFFFFFD9,
outFFT[643].im, 0x00000080,
outFFT[644].re, 0xFFFFFFCD,
outFFT[644].im, 0xFFFFFF12,
outFFT[645].re, 0x00000156,
outFFT[645].im, 0xFFFFFEEB,
outFFT[646].re, 0x0000016C,
outFFT[646].im, 0x00000079,
outFFT[647].re, 0xFFFFFFE0,
outFFT[647].im, 0x00000082,
outFFT[648].re, 0xFFFFFFE3,
outFFT[648].im, 0xFFFFFEEE,
outFFT[649].re, 0x0000015B,
outFFT[649].im, 0xFFFFFEED,
outFFT[650].re, 0x00000162,
outFFT[650].im, 0x00000076,
outFFT[651].re, 0xFFFFFFE6,
outFFT[651].im, 0x0000007C,
outFFT[652].re, 0xFFFFFFE3,
outFFT[652].im, 0xFFFFFEEC,
outFFT[653].re, 0x00000175,
outFFT[653].im, 0xFFFFFEF3,
outFFT[654].re, 0x00000174,
outFFT[654].im, 0x00000074,
outFFT[655].re, 0xFFFFFFDF,
outFFT[655].im, 0x0000006D,
outFFT[656].re, 0xFFFFFFF4,
outFFT[656].im, 0xFFFFFEDC,
outFFT[657].re, 0x0000018B,
outFFT[657].im, 0xFFFFFEE6,
outFFT[658].re, 0x00000172,
outFFT[658].im, 0x00000080,
outFFT[659].re, 0xFFFFFFE5,
outFFT[659].im, 0x00000059,
outFFT[660].re, 0xFFFFFFF8,
outFFT[660].im, 0xFFFFFEC2,
outFFT[661].re, 0x000001A2,
outFFT[661].im, 0xFFFFFEEB,
outFFT[662].re, 0x00000164,
outFFT[662].im, 0x00000095,
outFFT[663].re, 0xFFFFFFF1,
outFFT[663].im, 0x00000046,
outFFT[664].re, 0x0000000A,
outFFT[664].im, 0xFFFFFEBE,
outFFT[665].re, 0x000001C1,
outFFT[665].im, 0xFFFFFEF9,
outFFT[666].re, 0x00000194,
outFFT[666].im, 0x00000096,
outFFT[667].re, 0xFFFFFFD7,
outFFT[667].im, 0x0000001E,
outFFT[668].re, 0x00000047,
outFFT[668].im, 0xFFFFFEA1,
outFFT[669].re, 0x000001CD,
outFFT[669].im, 0xFFFFFEEC,
outFFT[670].re, 0x0000017D,
outFFT[670].im, 0x00000088,
outFFT[671].re, 0xFFFFFFDC,
outFFT[671].im, 0x00000017,
outFFT[672].re, 0x00000054,
outFFT[672].im, 0xFFFFFE8C,
outFFT[673].re, 0x000001F1,
outFFT[673].im, 0xFFFFFEF8,
outFFT[674].re, 0x0000017B,
outFFT[674].im, 0x00000097,
outFFT[675].re, 0xFFFFFFEC,
outFFT[675].im, 0x00000001,
outFFT[676].re, 0x00000080,
outFFT[676].im, 0xFFFFFE6D,
outFFT[677].re, 0x00000218,
outFFT[677].im, 0xFFFFFEFD,
outFFT[678].re, 0x0000017B,
outFFT[678].im, 0x00000092,
outFFT[679].re, 0xFFFFFFFD,
outFFT[679].im, 0xFFFFFFE4,
outFFT[680].re, 0x000000A5,
outFFT[680].im, 0xFFFFFE4E,
outFFT[681].re, 0x0000024D,
outFFT[681].im, 0xFFFFFEF7,
outFFT[682].re, 0x0000017E,
outFFT[682].im, 0x00000097,
outFFT[683].re, 0xFFFFFFF8,
outFFT[683].im, 0xFFFFFFBF,
outFFT[684].re, 0x000000E5,
outFFT[684].im, 0xFFFFFE15,
outFFT[685].re, 0x00000275,
outFFT[685].im, 0xFFFFFF17,
outFFT[686].re, 0x0000018B,
outFFT[686].im, 0x00000096,
outFFT[687].re, 0xFFFFFFFF,
outFFT[687].im, 0xFFFFFF83,
outFFT[688].re, 0x00000131,
outFFT[688].im, 0xFFFFFDFA,
outFFT[689].re, 0x000002C1,
outFFT[689].im, 0xFFFFFF16,
outFFT[690].re, 0x00000190,
outFFT[690].im, 0x00000093,
outFFT[691].re, 0x00000004,
outFFT[691].im, 0xFFFFFF3B,
outFFT[692].re, 0x00000190,
outFFT[692].im, 0xFFFFFDBD,
outFFT[693].re, 0x00000312,
outFFT[693].im, 0xFFFFFF30,
outFFT[694].re, 0x00000194,
outFFT[694].im, 0x00000094,
outFFT[695].re, 0x00000028,
outFFT[695].im, 0xFFFFFEEB,
outFFT[696].re, 0x0000020E,
outFFT[696].im, 0xFFFFFD5B,
outFFT[697].re, 0x0000038D,
outFFT[697].im, 0xFFFFFF4C,
outFFT[698].re, 0x000001A4,
outFFT[698].im, 0x00000090,
outFFT[699].re, 0x00000036,
outFFT[699].im, 0xFFFFFE48,
outFFT[700].re, 0x000002AE,
outFFT[700].im, 0xFFFFFCF4,
outFFT[701].re, 0x00000446,
outFFT[701].im, 0xFFFFFF84,
outFFT[702].re, 0x0000019E,
outFFT[702].im, 0x000000A1,
outFFT[703].re, 0x00000079,
outFFT[703].im, 0xFFFFFD8F,
outFFT[704].re, 0x00000404,
outFFT[704].im, 0xFFFFFC20,
outFFT[705].re, 0x0000055D,
outFFT[705].im, 0xFFFFFFC1,
outFFT[706].re, 0x0000019D,
outFFT[706].im, 0x000000BC,
outFFT[707].re, 0x000000D8,
outFFT[707].im, 0xFFFFFBF7,
outFFT[708].re, 0x0000065D,
outFFT[708].im, 0xFFFFFAE0,
outFFT[709].re, 0x000007C4,
outFFT[709].im, 0x00000051,
outFFT[710].re, 0x000001A1,
outFFT[710].im, 0x000000CD,
outFFT[711].re, 0x000001DF,
outFFT[711].im, 0xFFFFF853,
outFFT[712].re, 0x00000CC4,
outFFT[712].im, 0xFFFFF70C,
outFFT[713].re, 0x00000F20,
outFFT[713].im, 0x00000252,
outFFT[714].re, 0x000001B8,
outFFT[714].im, 0x000000EA,
outFFT[715].re, 0x00000778,
outFFT[715].im, 0xFFFFE2E5,
outFFT[716].re, 0x00005FBB,
outFFT[716].im, 0xFFFFC6BD,
outFFT[717].re, 0xFFFF69E6,
outFFT[717].im, 0xFFFFD74F,
outFFT[718].re, 0x00000178,
outFFT[718].im, 0xFFFFFEF5,
outFFT[719].re, 0xFFFFF9E8,
outFFT[719].im, 0x000016A7,
outFFT[720].re, 0xFFFFEB92,
outFFT[720].im, 0x00000A3D,
outFFT[721].re, 0xFFFFF51B,
outFFT[721].im, 0xFFFFFB3A,
outFFT[722].re, 0x0000019E,
outFFT[722].im, 0x0000006B,
outFFT[723].re, 0xFFFFFD6E,
outFFT[723].im, 0x0000091F,
outFFT[724].re, 0xFFFFF61C,
outFFT[724].im, 0x0000042B,
outFFT[725].re, 0xFFFFFAE5,
outFFT[725].im, 0xFFFFFCB6,
outFFT[726].re, 0x000001B0,
outFFT[726].im, 0x00000088,
outFFT[727].re, 0xFFFFFE2D,
outFFT[727].im, 0x0000061E,
outFFT[728].re, 0xFFFFF933,
outFFT[728].im, 0x00000244,
outFFT[729].re, 0xFFFFFCF8,
outFFT[729].im, 0xFFFFFD46,
outFFT[730].re, 0x000001AE,
outFFT[730].im, 0x000000A1,
outFFT[731].re, 0xFFFFFE86,
outFFT[731].im, 0x000004BA,
outFFT[732].re, 0xFFFFFAAB,
outFFT[732].im, 0x00000168,
outFFT[733].re, 0xFFFFFE04,
outFFT[733].im, 0xFFFFFDB4,
outFFT[734].re, 0x000001DE,
outFFT[734].im, 0x00000094,
outFFT[735].re, 0xFFFFFEB8,
outFFT[735].im, 0x000003FA,
outFFT[736].re, 0xFFFFFB97,
outFFT[736].im, 0x000000E4,
outFFT[737].re, 0xFFFFFEB9,
outFFT[737].im, 0xFFFFFDA5,
outFFT[738].re, 0x000001CB,
outFFT[738].im, 0x000000B2,
outFFT[739].re, 0xFFFFFEE2,
outFFT[739].im, 0x0000037B,
outFFT[740].re, 0xFFFFFC2D,
outFFT[740].im, 0x00000078,
outFFT[741].re, 0xFFFFFF23,
outFFT[741].im, 0xFFFFFDBB,
outFFT[742].re, 0x000001DC,
outFFT[742].im, 0x000000A0,
outFFT[743].re, 0xFFFFFECD,
outFFT[743].im, 0x00000337,
outFFT[744].re, 0xFFFFFC90,
outFFT[744].im, 0x00000032,
outFFT[745].re, 0xFFFFFF89,
outFFT[745].im, 0xFFFFFDE4,
outFFT[746].re, 0x000001D7,
outFFT[746].im, 0x000000B5,
outFFT[747].re, 0xFFFFFEFF,
outFFT[747].im, 0x000002EB,
outFFT[748].re, 0xFFFFFCD7,
outFFT[748].im, 0x00000000,
outFFT[749].re, 0xFFFFFFCD,
outFFT[749].im, 0xFFFFFDDB,
outFFT[750].re, 0x000001DD,
outFFT[750].im, 0x000000C8,
outFFT[751].re, 0xFFFFFF04,
outFFT[751].im, 0x000002BB,
outFFT[752].re, 0xFFFFFD1B,
outFFT[752].im, 0xFFFFFFDA,
outFFT[753].re, 0x00000013,
outFFT[753].im, 0xFFFFFDE1,
outFFT[754].re, 0x000001E2,
outFFT[754].im, 0x000000C8,
outFFT[755].re, 0xFFFFFF17,
outFFT[755].im, 0x00000293,
outFFT[756].re, 0xFFFFFD49,
outFFT[756].im, 0xFFFFFFA6,
outFFT[757].re, 0x00000041,
outFFT[757].im, 0xFFFFFDE7,
outFFT[758].re, 0x000001E5,
outFFT[758].im, 0x000000BE,
outFFT[759].re, 0xFFFFFF14,
outFFT[759].im, 0x0000027A,
outFFT[760].re, 0xFFFFFD6F,
outFFT[760].im, 0xFFFFFF89,
outFFT[761].re, 0x0000005F,
outFFT[761].im, 0xFFFFFDF4,
outFFT[762].re, 0x0000020D,
outFFT[762].im, 0x000000CD,
outFFT[763].re, 0xFFFFFF10,
outFFT[763].im, 0x00000259,
outFFT[764].re, 0xFFFFFD9A,
outFFT[764].im, 0xFFFFFF69,
outFFT[765].re, 0x00000086,
outFFT[765].im, 0xFFFFFDE8,
outFFT[766].re, 0x00000212,
outFFT[766].im, 0x000000D7,
outFFT[767].re, 0xFFFFFF1D,
outFFT[767].im, 0x00000242,
outFFT[768].re, 0xFFFFFDBD,
outFFT[768].im, 0xFFFFFF33,
outFFT[769].re, 0x0000008B,
outFFT[769].im, 0xFFFFFDE2,
outFFT[770].re, 0x00000217,
outFFT[770].im, 0x000000E1,
outFFT[771].re, 0xFFFFFF0F,
outFFT[771].im, 0x00000232,
outFFT[772].re, 0xFFFFFDC9,
outFFT[772].im, 0xFFFFFF35,
outFFT[773].re, 0x000000C6,
outFFT[773].im, 0xFFFFFDDD,
outFFT[774].re, 0x00000210,
outFFT[774].im, 0x000000EA,
outFFT[775].re, 0xFFFFFF18,
outFFT[775].im, 0x0000021E,
outFFT[776].re, 0xFFFFFDD0,
outFFT[776].im, 0xFFFFFF2F,
outFFT[777].re, 0x000000F1,
outFFT[777].im, 0xFFFFFDE6,
outFFT[778].re, 0x00000224,
outFFT[778].im, 0x000000E8,
outFFT[779].re, 0xFFFFFF21,
outFFT[779].im, 0x00000224,
outFFT[780].re, 0xFFFFFDF0,
outFFT[780].im, 0xFFFFFF05,
outFFT[781].re, 0x00000105,
outFFT[781].im, 0xFFFFFDDE,
outFFT[782].re, 0x00000242,
outFFT[782].im, 0x000000E4,
outFFT[783].re, 0xFFFFFF0A,
outFFT[783].im, 0x0000021F,
outFFT[784].re, 0xFFFFFDF9,
outFFT[784].im, 0xFFFFFEE6,
outFFT[785].re, 0x0000013B,
outFFT[785].im, 0xFFFFFDEB,
outFFT[786].re, 0x00000230,
outFFT[786].im, 0x000000F1,
outFFT[787].re, 0xFFFFFF27,
outFFT[787].im, 0x00000200,
outFFT[788].re, 0xFFFFFE0C,
outFFT[788].im, 0xFFFFFEEE,
outFFT[789].re, 0x00000142,
outFFT[789].im, 0xFFFFFDC5,
outFFT[790].re, 0x00000249,
outFFT[790].im, 0x00000102,
outFFT[791].re, 0xFFFFFF20,
outFFT[791].im, 0x00000208,
outFFT[792].re, 0xFFFFFE19,
outFFT[792].im, 0xFFFFFECD,
outFFT[793].re, 0x00000166,
outFFT[793].im, 0xFFFFFDFE,
outFFT[794].re, 0x0000028E,
outFFT[794].im, 0x000000CA,
outFFT[795].re, 0xFFFFFF28,
outFFT[795].im, 0x00000209,
outFFT[796].re, 0xFFFFFE1F,
outFFT[796].im, 0xFFFFFEA9,
outFFT[797].re, 0x00000172,
outFFT[797].im, 0xFFFFFDA5,
outFFT[798].re, 0x00000286,
outFFT[798].im, 0x00000101,
outFFT[799].re, 0xFFFFFF1F,
outFFT[799].im, 0x000001FD,
outFFT[800].re, 0xFFFFFE2A,
outFFT[800].im, 0xFFFFFE9D,
outFFT[801].re, 0x00000166,
outFFT[801].im, 0xFFFFFD53,
outFFT[802].re, 0x00000286,
outFFT[802].im, 0x00000169,
outFFT[803].re, 0xFFFFFF1A,
outFFT[803].im, 0x00000228,
outFFT[804].re, 0xFFFFFE4C,
outFFT[804].im, 0xFFFFFE59,
outFFT[805].re, 0x000001C1,
outFFT[805].im, 0xFFFFFD9F,
outFFT[806].re, 0x000002AF,
outFFT[806].im, 0x0000012A,
outFFT[807].re, 0xFFFFFF1C,
outFFT[807].im, 0x000001EF,
outFFT[808].re, 0xFFFFFE39,
outFFT[808].im, 0xFFFFFE52,
outFFT[809].re, 0x000001E2,
outFFT[809].im, 0xFFFFFD82,
outFFT[810].re, 0x000002CD,
outFFT[810].im, 0x0000010C,
outFFT[811].re, 0xFFFFFF03,
outFFT[811].im, 0x000001F4,
outFFT[812].re, 0xFFFFFE30,
outFFT[812].im, 0xFFFFFE2B,
outFFT[813].re, 0x000001F1,
outFFT[813].im, 0xFFFFFD43,
outFFT[814].re, 0x000002E0,
outFFT[814].im, 0x000000FC,
outFFT[815].re, 0xFFFFFEED,
outFFT[815].im, 0x000001FF,
outFFT[816].re, 0xFFFFFDD7,
outFFT[816].im, 0xFFFFFDDE,
outFFT[817].re, 0x000001CE,
outFFT[817].im, 0xFFFFFC75,
outFFT[818].re, 0x00000357,
outFFT[818].im, 0x00000076,
outFFT[819].re, 0xFFFFF96D,
outFFT[819].im, 0x00000375,
outFFT[820].re, 0x000000AF,
outFFT[820].im, 0xFFFFFF79,
outFFT[821].re, 0x0000028D,
outFFT[821].im, 0xFFFFFEE3,
outFFT[822].re, 0x000002DA,
outFFT[822].im, 0x000001CC,
outFFT[823].re, 0xFFFFFF47,
outFFT[823].im, 0x000001ED,
outFFT[824].re, 0xFFFFFF03,
outFFT[824].im, 0xFFFFFE69,
outFFT[825].re, 0x0000029A,
outFFT[825].im, 0xFFFFFDDE,
outFFT[826].re, 0x0000030A,
outFFT[826].im, 0x000001A3,
outFFT[827].re, 0xFFFFFF4E,
outFFT[827].im, 0x000001F3,
outFFT[828].re, 0xFFFFFED7,
outFFT[828].im, 0xFFFFFE1F,
outFFT[829].re, 0x000002BD,
outFFT[829].im, 0xFFFFFD97,
outFFT[830].re, 0x00000331,
outFFT[830].im, 0x00000199,
outFFT[831].re, 0xFFFFFF37,
outFFT[831].im, 0x00000205,
outFFT[832].re, 0xFFFFFECD,
outFFT[832].im, 0xFFFFFDE6,
outFFT[833].re, 0x000002ED,
outFFT[833].im, 0xFFFFFD80,
outFFT[834].re, 0x0000036B,
outFFT[834].im, 0x000001B6,
outFFT[835].re, 0xFFFFFF21,
outFFT[835].im, 0x000001CB,
outFFT[836].re, 0xFFFFFEBD,
outFFT[836].im, 0xFFFFFDA4,
outFFT[837].re, 0x000002DC,
outFFT[837].im, 0xFFFFFDD0,
outFFT[838].re, 0x000003A3,
outFFT[838].im, 0x0000019E,
outFFT[839].re, 0xFFFFFF41,
outFFT[839].im, 0x00000218,
outFFT[840].re, 0xFFFFFEF4,
outFFT[840].im, 0xFFFFFDB6,
outFFT[841].re, 0x00000345,
outFFT[841].im, 0xFFFFFD41,
outFFT[842].re, 0x000003B4,
outFFT[842].im, 0x000001B8,
outFFT[843].re, 0xFFFFFF47,
outFFT[843].im, 0x00000210,
outFFT[844].re, 0xFFFFFEF6,
outFFT[844].im, 0xFFFFFD94,
outFFT[845].re, 0x00000381,
outFFT[845].im, 0xFFFFFCF9,
outFFT[846].re, 0x000003DB,
outFFT[846].im, 0x000001CD,
outFFT[847].re, 0xFFFFFF35,
outFFT[847].im, 0x0000021A,
outFFT[848].re, 0xFFFFFEDC,
outFFT[848].im, 0xFFFFFD5B,
outFFT[849].re, 0x000003C6,
outFFT[849].im, 0xFFFFFD11,
outFFT[850].re, 0x0000041E,
outFFT[850].im, 0x000001DD,
outFFT[851].re, 0xFFFFFF46,
outFFT[851].im, 0x0000023E,
outFFT[852].re, 0xFFFFFEEB,
outFFT[852].im, 0xFFFFFD21,
outFFT[853].re, 0x0000042B,
outFFT[853].im, 0xFFFFFCD7,
outFFT[854].re, 0x00000448,
outFFT[854].im, 0x00000202,
outFFT[855].re, 0xFFFFFF2D,
outFFT[855].im, 0x0000022D,
outFFT[856].re, 0xFFFFFF14,
outFFT[856].im, 0xFFFFFD01,
outFFT[857].re, 0x00000455,
outFFT[857].im, 0xFFFFFCC2,
outFFT[858].re, 0x000004A0,
outFFT[858].im, 0x00000222,
outFFT[859].re, 0xFFFFFF47,
outFFT[859].im, 0x00000241,
outFFT[860].re, 0xFFFFFF18,
outFFT[860].im, 0xFFFFFCC7,
outFFT[861].re, 0x000004BA,
outFFT[861].im, 0xFFFFFC96,
outFFT[862].re, 0x000004E5,
outFFT[862].im, 0x00000236,
outFFT[863].re, 0xFFFFFF45,
outFFT[863].im, 0x00000264,
outFFT[864].re, 0xFFFFFF33,
outFFT[864].im, 0xFFFFFC8E,
outFFT[865].re, 0x00000521,
outFFT[865].im, 0xFFFFFC67,
outFFT[866].re, 0x00000546,
outFFT[866].im, 0x00000259,
outFFT[867].re, 0xFFFFFF3E,
outFFT[867].im, 0x0000027F,
outFFT[868].re, 0xFFFFFF60,
outFFT[868].im, 0xFFFFFC51,
outFFT[869].re, 0x0000057A,
outFFT[869].im, 0xFFFFFC39,
outFFT[870].re, 0x000005CC,
outFFT[870].im, 0x00000291,
outFFT[871].re, 0xFFFFFF73,
outFFT[871].im, 0x000002AA,
outFFT[872].re, 0xFFFFFF6D,
outFFT[872].im, 0xFFFFFBE7,
outFFT[873].re, 0x00000628,
outFFT[873].im, 0xFFFFFBE8,
outFFT[874].re, 0x00000641,
outFFT[874].im, 0x000002B2,
outFFT[875].re, 0xFFFFFF6A,
outFFT[875].im, 0x000002A8,
outFFT[876].re, 0xFFFFFF7B,
outFFT[876].im, 0xFFFFFB9C,
outFFT[877].re, 0x000006C0,
outFFT[877].im, 0xFFFFFB97,
outFFT[878].re, 0x000006CF,
outFFT[878].im, 0x000002EC,
outFFT[879].re, 0xFFFFFF6A,
outFFT[879].im, 0x000002E6,
outFFT[880].re, 0xFFFFFF9D,
outFFT[880].im, 0xFFFFFB3A,
outFFT[881].re, 0x0000079A,
outFFT[881].im, 0xFFFFFB4D,
outFFT[882].re, 0x00000785,
outFFT[882].im, 0x00000331,
outFFT[883].re, 0xFFFFFF8A,
outFFT[883].im, 0x00000312,
outFFT[884].re, 0xFFFFFFD6,
outFFT[884].im, 0xFFFFFAB7,
outFFT[885].re, 0x00000874,
outFFT[885].im, 0xFFFFFAD6,
outFFT[886].re, 0x00000871,
outFFT[886].im, 0x0000038A,
outFFT[887].re, 0xFFFFFF9E,
outFFT[887].im, 0x00000347,
outFFT[888].re, 0x0000000B,
outFFT[888].im, 0xFFFFFA1B,
outFFT[889].re, 0x00000993,
outFFT[889].im, 0xFFFFFA58,
outFFT[890].re, 0x0000098F,
outFFT[890].im, 0x000003EB,
outFFT[891].re, 0xFFFFFFD2,
outFFT[891].im, 0x000003A0,
outFFT[892].re, 0x00000044,
outFFT[892].im, 0xFFFFF953,
outFFT[893].re, 0x00000B15,
outFFT[893].im, 0xFFFFF996,
outFFT[894].re, 0x00000AF8,
outFFT[894].im, 0x0000046D,
outFFT[895].re, 0xFFFFFFF3,
outFFT[895].im, 0x0000040B,
outFFT[896].re, 0x00000094,
outFFT[896].im, 0xFFFFF857,
outFFT[897].re, 0x00000D09,
outFFT[897].im, 0xFFFFF8B6,
outFFT[898].re, 0x00000CE5,
outFFT[898].im, 0x0000052A,
outFFT[899].re, 0x00000041,
outFFT[899].im, 0x0000049A,
outFFT[900].re, 0x00000115,
outFFT[900].im, 0xFFFFF6FA,
outFFT[901].re, 0x00000FB8,
outFFT[901].im, 0xFFFFF764,
outFFT[902].re, 0x00000FA8,
outFFT[902].im, 0x00000621,
outFFT[903].re, 0x000000A0,
outFFT[903].im, 0x00000566,
outFFT[904].re, 0x000001C5,
outFFT[904].im, 0xFFFFF4EF,
outFFT[905].re, 0x0000138D,
outFFT[905].im, 0xFFFFF565,
outFFT[906].re, 0x000013B9,
outFFT[906].im, 0x000007BC,
outFFT[907].re, 0x00000126,
outFFT[907].im, 0x000006C8,
outFFT[908].re, 0x000002E2,
outFFT[908].im, 0xFFFFF1E4,
outFFT[909].re, 0x00001A34,
outFFT[909].im, 0xFFFFF26C,
outFFT[910].re, 0x00001ABE,
outFFT[910].im, 0x00000A22,
outFFT[911].re, 0x00000243,
outFFT[911].im, 0x0000091E,
outFFT[912].re, 0x000004DD,
outFFT[912].im, 0xFFFFEC2E,
outFFT[913].re, 0x000026D3,
outFFT[913].im, 0xFFFFEC7A,
outFFT[914].re, 0x0000294D,
outFFT[914].im, 0x00000F44,
outFFT[915].re, 0x000004B3,
outFFT[915].im, 0x00000E4F,
outFFT[916].re, 0x000009D8,
outFFT[916].im, 0xFFFFDE42,
outFFT[917].re, 0x00004998,
outFFT[917].im, 0xFFFFDBDB,
outFFT[918].re, 0x00005856,
outFFT[918].im, 0x00001FFC,
outFFT[919].re, 0x00000EE8,
outFFT[919].im, 0x000023B5,
outFFT[920].re, 0x000027E4,
outFFT[920].im, 0xFFFF8919,
outFFT[921].re, 0x00025FF3,
outFFT[921].im, 0xFFFEDDE0,
outFFT[922].re, 0xFFFD3638,
outFFT[922].im, 0xFFFF02AE,
outFFT[923].re, 0xFFFFE00A,
outFFT[923].im, 0xFFFFC20C,
outFFT[924].re, 0xFFFFE334,
outFFT[924].im, 0x00004A62,
outFFT[925].re, 0xFFFF9CCF,
outFFT[925].im, 0x00002E2E,
outFFT[926].re, 0xFFFFB7DF,
outFFT[926].im, 0xFFFFE732,
outFFT[927].re, 0xFFFFF629,
outFFT[927].im, 0xFFFFEFFA,
outFFT[928].re, 0xFFFFF3DE,
outFFT[928].im, 0x00001BC2,
outFFT[929].re, 0xFFFFD1A4,
outFFT[929].im, 0x00001505,
outFFT[930].re, 0xFFFFD9AF,
outFFT[930].im, 0xFFFFF325,
outFFT[931].re, 0xFFFFF96B,
outFFT[931].im, 0xFFFFF6FE,
outFFT[932].re, 0xFFFFF7C0,
outFFT[932].im, 0x000010D6,
outFFT[933].re, 0xFFFFE191,
outFFT[933].im, 0x00000D6D,
outFFT[934].re, 0xFFFFE5B8,
outFFT[934].im, 0xFFFFF787,
outFFT[935].re, 0xFFFFFABC,
outFFT[935].im, 0xFFFFF9B5,
outFFT[936].re, 0xFFFFF974,
outFFT[936].im, 0x00000C05,
outFFT[937].re, 0xFFFFE937,
outFFT[937].im, 0x000009B7,
outFFT[938].re, 0xFFFFEBCE,
outFFT[938].im, 0xFFFFF9E2,
outFFT[939].re, 0xFFFFFB7C,
outFFT[939].im, 0xFFFFFB55,
outFFT[940].re, 0xFFFFFA95,
outFFT[940].im, 0x00000936,
outFFT[941].re, 0xFFFFEDCC,
outFFT[941].im, 0x000007A7,
outFFT[942].re, 0xFFFFEFA2,
outFFT[942].im, 0xFFFFFB15,
outFFT[943].re, 0xFFFFFBE3,
outFFT[943].im, 0xFFFFFC3B,
outFFT[944].re, 0xFFFFFB2F,
outFFT[944].im, 0x00000766,
outFFT[945].re, 0xFFFFF0D0,
outFFT[945].im, 0x0000063D,
outFFT[946].re, 0xFFFFF225,
outFFT[946].im, 0xFFFFFBF4,
outFFT[947].re, 0xFFFFFC37,
outFFT[947].im, 0xFFFFFCC6,
outFFT[948].re, 0xFFFFFB7E,
outFFT[948].im, 0x00000618,
outFFT[949].re, 0xFFFFF2EA,
outFFT[949].im, 0x0000053F,
outFFT[950].re, 0xFFFFF3E5,
outFFT[950].im, 0xFFFFFC99,
outFFT[951].re, 0xFFFFFC51,
outFFT[951].im, 0xFFFFFD50,
outFFT[952].re, 0xFFFFFBEE,
outFFT[952].im, 0x00000523,
outFFT[953].re, 0xFFFFF471,
outFFT[953].im, 0x0000047B,
outFFT[954].re, 0xFFFFF52D,
outFFT[954].im, 0xFFFFFD23,
outFFT[955].re, 0xFFFFFC87,
outFFT[955].im, 0xFFFFFDA3,
outFFT[956].re, 0xFFFFFC26,
outFFT[956].im, 0x00000472,
outFFT[957].re, 0xFFFFF5A7,
outFFT[957].im, 0x000003E7,
outFFT[958].re, 0xFFFFF64F,
outFFT[958].im, 0xFFFFFD81,
outFFT[959].re, 0xFFFFFC99,
outFFT[959].im, 0xFFFFFDE2,
outFFT[960].re, 0xFFFFFC48,
outFFT[960].im, 0x000003CF,
outFFT[961].re, 0xFFFFF6AD,
outFFT[961].im, 0x0000036E,
outFFT[962].re, 0xFFFFF71E,
outFFT[962].im, 0xFFFFFDD2,
outFFT[963].re, 0xFFFFFC8F,
outFFT[963].im, 0xFFFFFE0C,
outFFT[964].re, 0xFFFFFC77,
outFFT[964].im, 0x00000351,
outFFT[965].re, 0xFFFFF76A,
outFFT[965].im, 0x00000315,
outFFT[966].re, 0xFFFFF7B2,
outFFT[966].im, 0xFFFFFE20,
outFFT[967].re, 0xFFFFFCA4,
outFFT[967].im, 0xFFFFFE44,
outFFT[968].re, 0xFFFFFC9E,
outFFT[968].im, 0x000002EC,
outFFT[969].re, 0xFFFFF816,
outFFT[969].im, 0x000002CC,
outFFT[970].re, 0xFFFFF848,
outFFT[970].im, 0xFFFFFE5A,
outFFT[971].re, 0xFFFFFCB0,
outFFT[971].im, 0xFFFFFE67,
outFFT[972].re, 0xFFFFFCC3,
outFFT[972].im, 0x0000027F,
outFFT[973].re, 0xFFFFF8BE,
outFFT[973].im, 0x0000027E,
outFFT[974].re, 0xFFFFF881,
outFFT[974].im, 0xFFFFFE72,
outFFT[975].re, 0xFFFFFCBF,
outFFT[975].im, 0xFFFFFE73,
outFFT[976].re, 0xFFFFFCB7,
outFFT[976].im, 0x00000243,
outFFT[977].re, 0xFFFFF91A,
outFFT[977].im, 0x00000263,
outFFT[978].re, 0xFFFFF911,
outFFT[978].im, 0xFFFFFE9E,
outFFT[979].re, 0xFFFFFCAC,
outFFT[979].im, 0xFFFFFE93,
outFFT[980].re, 0xFFFFFCDD,
outFFT[980].im, 0x000001F7,
outFFT[981].re, 0xFFFFF976,
outFFT[981].im, 0x00000228,
outFFT[982].re, 0xFFFFF964,
outFFT[982].im, 0xFFFFFED4,
outFFT[983].re, 0xFFFFFCA6,
outFFT[983].im, 0xFFFFFE99,
outFFT[984].re, 0xFFFFFCF8,
outFFT[984].im, 0x000001CD,
outFFT[985].re, 0xFFFFF9D1,
outFFT[985].im, 0x000001F0,
outFFT[986].re, 0xFFFFF9A7,
outFFT[986].im, 0xFFFFFEED,
outFFT[987].re, 0xFFFFFCB1,
outFFT[987].im, 0xFFFFFEA6,
outFFT[988].re, 0xFFFFFCE3,
outFFT[988].im, 0x0000018E,
outFFT[989].re, 0xFFFFFA20,
outFFT[989].im, 0x000001C2,
outFFT[990].re, 0xFFFFF9F7,
outFFT[990].im, 0xFFFFFF22,
outFFT[991].re, 0xFFFFFC81,
outFFT[991].im, 0xFFFFFEB5,
outFFT[992].re, 0xFFFFFD06,
outFFT[992].im, 0x00000145,
outFFT[993].re, 0xFFFFFA75,
outFFT[993].im, 0x000001C1,
outFFT[994].re, 0xFFFFFA08,
outFFT[994].im, 0xFFFFFF24,
outFFT[995].re, 0xFFFFFC7F,
outFFT[995].im, 0xFFFFFEC7,
outFFT[996].re, 0xFFFFFD12,
outFFT[996].im, 0x00000121,
outFFT[997].re, 0xFFFFFAAE,
outFFT[997].im, 0x00000198,
outFFT[998].re, 0xFFFFFA35,
outFFT[998].im, 0xFFFFFF83,
outFFT[999].re, 0xFFFFFCAA,
outFFT[999].im, 0xFFFFFE84,
outFFT[1000].re, 0xFFFFFD19,
outFFT[1000].im, 0x000000F9,
outFFT[1001].re, 0xFFFFFAE9,
outFFT[1001].im, 0x0000017C,
outFFT[1002].re, 0xFFFFFA46,
outFFT[1002].im, 0xFFFFFF4C,
outFFT[1003].re, 0xFFFFFC8E,
outFFT[1003].im, 0xFFFFFEA4,
outFFT[1004].re, 0xFFFFFD14,
outFFT[1004].im, 0x000000C8,
outFFT[1005].re, 0xFFFFFB2C,
outFFT[1005].im, 0x00000170,
outFFT[1006].re, 0xFFFFFA27,
outFFT[1006].im, 0xFFFFFEF0,
outFFT[1007].re, 0xFFFFFC54,
outFFT[1007].im, 0xFFFFFF01,
outFFT[1008].re, 0xFFFFFD09,
outFFT[1008].im, 0x000000E9,
outFFT[1009].re, 0xFFFFFB5D,
outFFT[1009].im, 0x00000124,
outFFT[1010].re, 0xFFFFFA87,
outFFT[1010].im, 0xFFFFFF83,
outFFT[1011].re, 0xFFFFFC6A,
outFFT[1011].im, 0xFFFFFEB4,
outFFT[1012].re, 0xFFFFFD18,
outFFT[1012].im, 0x00000075,
outFFT[1013].re, 0xFFFFFB63,
outFFT[1013].im, 0x0000012F,
outFFT[1014].re, 0xFFFFFA9F,
outFFT[1014].im, 0xFFFFFF76,
outFFT[1015].re, 0xFFFFFC62,
outFFT[1015].im, 0xFFFFFE99,
outFFT[1016].re, 0xFFFFFD23,
outFFT[1016].im, 0x00000049,
outFFT[1017].re, 0xFFFFFB76,
outFFT[1017].im, 0x00000101,
outFFT[1018].re, 0xFFFFFAA3,
outFFT[1018].im, 0xFFFFFF48,
outFFT[1019].re, 0xFFFFFC74,
outFFT[1019].im, 0xFFFFFE48,
outFFT[1020].re, 0xFFFFFD18,
outFFT[1020].im, 0x00000029,
outFFT[1021].re, 0xFFFFFB3D,
outFFT[1021].im, 0x00000082,
outFFT[1022].re, 0xFFFFFA77,
outFFT[1022].im, 0xFFFFFE07,
outFFT[1023].re, 0xFFFFFDBD,
outFFT[1023].im, 0xFFFFFCE1,
